Timestamp,OCC
3/21/2018 12:00:00 AM,0.0
3/21/2018 12:10:00 AM,0.0
3/21/2018 12:20:00 AM,0.0
3/21/2018 12:30:00 AM,0.0
3/21/2018 12:40:00 AM,0.0
3/21/2018 12:50:00 AM,0.0
3/21/2018 1:00:00 AM,0.0
3/21/2018 1:10:00 AM,0.0
3/21/2018 1:20:00 AM,0.0
3/21/2018 1:30:00 AM,0.0
3/21/2018 1:40:00 AM,0.0
3/21/2018 1:50:00 AM,0.0
3/21/2018 2:00:00 AM,0.0
3/21/2018 2:10:00 AM,0.0
3/21/2018 2:20:00 AM,0.0
3/21/2018 2:30:00 AM,0.0
3/21/2018 2:40:00 AM,0.0
3/21/2018 2:50:00 AM,0.0
3/21/2018 3:00:00 AM,0.0
3/21/2018 3:10:00 AM,0.0
3/21/2018 3:20:00 AM,0.0
3/21/2018 3:30:00 AM,0.0
3/21/2018 3:40:00 AM,0.0
3/21/2018 3:50:00 AM,0.0
3/21/2018 4:00:00 AM,0.0
3/21/2018 4:10:00 AM,0.0
3/21/2018 4:20:00 AM,0.0
3/21/2018 4:30:00 AM,0.0
3/21/2018 4:40:00 AM,0.0
3/21/2018 4:50:00 AM,0.0
3/21/2018 5:00:00 AM,0.0
3/21/2018 5:10:00 AM,0.0
3/21/2018 5:20:00 AM,0.0
3/21/2018 5:30:00 AM,0.0
3/21/2018 5:40:00 AM,0.0
3/21/2018 5:50:00 AM,0.0
3/21/2018 6:00:00 AM,0.0
3/21/2018 6:10:00 AM,0.0
3/21/2018 6:20:00 AM,0.0
3/21/2018 6:30:00 AM,0.0
3/21/2018 6:40:00 AM,0.0
3/21/2018 6:50:00 AM,0.0
3/21/2018 7:00:00 AM,0.0
3/21/2018 7:10:00 AM,6.0
3/21/2018 7:20:00 AM,3.0
3/21/2018 7:30:00 AM,6.0
3/21/2018 7:40:00 AM,7.0
3/21/2018 7:50:00 AM,5.0
3/21/2018 8:00:00 AM,6.0
3/21/2018 8:10:00 AM,6.0
3/21/2018 8:20:00 AM,8.0
3/21/2018 8:30:00 AM,8.0
3/21/2018 8:40:00 AM,9.0
3/21/2018 8:50:00 AM,9.0
3/21/2018 9:00:00 AM,10.0
3/21/2018 9:10:00 AM,11.0
3/21/2018 9:20:00 AM,11.0
3/21/2018 9:30:00 AM,11.0
3/21/2018 9:40:00 AM,12.0
3/21/2018 9:50:00 AM,10.0
3/21/2018 10:00:00 AM,12.0
3/21/2018 10:10:00 AM,13.0
3/21/2018 10:20:00 AM,13.0
3/21/2018 10:30:00 AM,11.0
3/21/2018 10:40:00 AM,6.0
3/21/2018 10:50:00 AM,7.0
3/21/2018 11:00:00 AM,4.0
3/21/2018 11:10:00 AM,3.0
3/21/2018 11:20:00 AM,6.0
3/21/2018 11:30:00 AM,5.0
3/21/2018 11:40:00 AM,4.0
3/21/2018 11:50:00 AM,5.0
3/21/2018 12:00:00 PM,5.0
3/21/2018 12:10:00 PM,4.0
3/21/2018 12:20:00 PM,5.0
3/21/2018 12:30:00 PM,5.0
3/21/2018 12:40:00 PM,5.0
3/21/2018 12:50:00 PM,4.0
3/21/2018 1:00:00 PM,5.0
3/21/2018 1:10:00 PM,5.0
3/21/2018 1:20:00 PM,5.0
3/21/2018 1:30:00 PM,5.0
3/21/2018 1:40:00 PM,5.0
3/21/2018 1:50:00 PM,5.0
3/21/2018 2:00:00 PM,6.0
3/21/2018 2:10:00 PM,9.0
3/21/2018 2:20:00 PM,8.0
3/21/2018 2:30:00 PM,7.0
3/21/2018 2:40:00 PM,5.0
3/21/2018 2:50:00 PM,5.0
3/21/2018 3:00:00 PM,5.0
3/21/2018 3:10:00 PM,5.0
3/21/2018 3:20:00 PM,5.0
3/21/2018 3:30:00 PM,5.0
3/21/2018 3:40:00 PM,4.0
3/21/2018 3:50:00 PM,3.0
3/21/2018 4:00:00 PM,3.0
3/21/2018 4:10:00 PM,2.0
3/21/2018 4:20:00 PM,2.0
3/21/2018 4:30:00 PM,2.0
3/21/2018 4:40:00 PM,2.0
3/21/2018 4:50:00 PM,2.0
3/21/2018 5:00:00 PM,2.0
3/21/2018 5:10:00 PM,2.0
3/21/2018 5:20:00 PM,2.0
3/21/2018 5:30:00 PM,2.0
3/21/2018 5:40:00 PM,2.0
3/21/2018 5:50:00 PM,2.0
3/21/2018 6:00:00 PM,2.0
3/21/2018 6:10:00 PM,2.0
3/21/2018 6:20:00 PM,2.0
3/21/2018 6:30:00 PM,2.0
3/21/2018 6:40:00 PM,2.0
3/21/2018 6:50:00 PM,2.0
3/21/2018 7:00:00 PM,2.0
3/21/2018 7:10:00 PM,2.0
3/21/2018 7:20:00 PM,2.0
3/21/2018 7:30:00 PM,2.0
3/21/2018 7:40:00 PM,2.0
3/21/2018 7:50:00 PM,2.0
3/21/2018 8:00:00 PM,2.0
3/21/2018 8:10:00 PM,2.0
3/21/2018 8:20:00 PM,2.0
3/21/2018 8:30:00 PM,2.0
3/21/2018 8:40:00 PM,2.0
3/21/2018 8:50:00 PM,1.0
3/21/2018 9:00:00 PM,1.0
3/21/2018 9:10:00 PM,1.0
3/21/2018 9:20:00 PM,1.0
3/21/2018 9:30:00 PM,1.0
3/21/2018 9:40:00 PM,0.0
3/21/2018 9:50:00 PM,0.0
3/21/2018 10:00:00 PM,0.0
3/21/2018 10:10:00 PM,0.0
3/21/2018 10:20:00 PM,0.0
3/21/2018 10:30:00 PM,0.0
3/21/2018 10:40:00 PM,0.0
3/21/2018 10:50:00 PM,0.0
3/21/2018 11:00:00 PM,0.0
3/21/2018 11:10:00 PM,0.0
3/21/2018 11:20:00 PM,0.0
3/21/2018 11:30:00 PM,0.0
3/21/2018 11:40:00 PM,0.0
3/21/2018 11:50:00 PM,0.0
3/22/2018 12:00:00 AM,0.0
3/22/2018 12:10:00 AM,0.0
3/22/2018 12:20:00 AM,0.0
3/22/2018 12:30:00 AM,0.0
3/22/2018 12:40:00 AM,0.0
3/22/2018 12:50:00 AM,0.0
3/22/2018 1:00:00 AM,0.0
3/22/2018 1:10:00 AM,0.0
3/22/2018 1:20:00 AM,0.0
3/22/2018 1:30:00 AM,0.0
3/22/2018 1:40:00 AM,0.0
3/22/2018 1:50:00 AM,0.0
3/22/2018 2:00:00 AM,0.0
3/22/2018 2:10:00 AM,0.0
3/22/2018 2:20:00 AM,0.0
3/22/2018 2:30:00 AM,0.0
3/22/2018 2:40:00 AM,0.0
3/22/2018 2:50:00 AM,0.0
3/22/2018 3:00:00 AM,0.0
3/22/2018 3:10:00 AM,0.0
3/22/2018 3:20:00 AM,0.0
3/22/2018 3:30:00 AM,0.0
3/22/2018 3:40:00 AM,0.0
3/22/2018 3:50:00 AM,0.0
3/22/2018 4:00:00 AM,0.0
3/22/2018 4:10:00 AM,0.0
3/22/2018 4:20:00 AM,0.0
3/22/2018 4:30:00 AM,0.0
3/22/2018 4:40:00 AM,0.0
3/22/2018 4:50:00 AM,0.0
3/22/2018 5:00:00 AM,0.0
3/22/2018 5:10:00 AM,0.0
3/22/2018 5:20:00 AM,0.0
3/22/2018 5:30:00 AM,0.0
3/22/2018 5:40:00 AM,0.0
3/22/2018 5:50:00 AM,0.0
3/22/2018 6:00:00 AM,0.0
3/22/2018 6:10:00 AM,0.0
3/22/2018 6:20:00 AM,0.0
3/22/2018 6:30:00 AM,0.0
3/22/2018 6:40:00 AM,0.0
3/22/2018 6:50:00 AM,1.0
3/22/2018 7:00:00 AM,5.0
3/22/2018 7:10:00 AM,14.0
3/22/2018 7:20:00 AM,23.0
3/22/2018 7:30:00 AM,26.0
3/22/2018 7:40:00 AM,23.0
3/22/2018 7:50:00 AM,21.0
3/22/2018 8:00:00 AM,13.0
3/22/2018 8:10:00 AM,24.0
3/22/2018 8:20:00 AM,22.0
3/22/2018 8:30:00 AM,22.0
3/22/2018 8:40:00 AM,21.0
3/22/2018 8:50:00 AM,23.0
3/22/2018 9:00:00 AM,24.0
3/22/2018 9:10:00 AM,28.0
3/22/2018 9:20:00 AM,29.0
3/22/2018 9:30:00 AM,29.0
3/22/2018 9:40:00 AM,28.0
3/22/2018 9:50:00 AM,27.0
3/22/2018 10:00:00 AM,25.0
3/22/2018 10:10:00 AM,27.0
3/22/2018 10:20:00 AM,27.0
3/22/2018 10:30:00 AM,30.0
3/22/2018 10:40:00 AM,29.0
3/22/2018 10:50:00 AM,34.0
3/22/2018 11:00:00 AM,27.0
3/22/2018 11:10:00 AM,20.0
3/22/2018 11:20:00 AM,29.0
3/22/2018 11:30:00 AM,27.0
3/22/2018 11:40:00 AM,29.0
3/22/2018 11:50:00 AM,29.0
3/22/2018 12:00:00 PM,29.0
3/22/2018 12:10:00 PM,23.0
3/22/2018 12:20:00 PM,29.0
3/22/2018 12:30:00 PM,28.0
3/22/2018 12:40:00 PM,25.0
3/22/2018 12:50:00 PM,24.0
3/22/2018 1:00:00 PM,24.0
3/22/2018 1:10:00 PM,23.0
3/22/2018 1:20:00 PM,17.0
3/22/2018 1:30:00 PM,22.0
3/22/2018 1:40:00 PM,25.0
3/22/2018 1:50:00 PM,24.0
3/22/2018 2:00:00 PM,23.0
3/22/2018 2:10:00 PM,23.0
3/22/2018 2:20:00 PM,21.0
3/22/2018 2:30:00 PM,17.0
3/22/2018 2:40:00 PM,13.0
3/22/2018 2:50:00 PM,10.0
3/22/2018 3:00:00 PM,5.0
3/22/2018 3:10:00 PM,5.0
3/22/2018 3:20:00 PM,5.0
3/22/2018 3:30:00 PM,4.0
3/22/2018 3:40:00 PM,5.0
3/22/2018 3:50:00 PM,5.0
3/22/2018 4:00:00 PM,2.0
3/22/2018 4:10:00 PM,2.0
3/22/2018 4:20:00 PM,2.0
3/22/2018 4:30:00 PM,2.0
3/22/2018 4:40:00 PM,2.0
3/22/2018 4:50:00 PM,2.0
3/22/2018 5:00:00 PM,2.0
3/22/2018 5:10:00 PM,2.0
3/22/2018 5:20:00 PM,2.0
3/22/2018 5:30:00 PM,2.0
3/22/2018 5:40:00 PM,1.0
3/22/2018 5:50:00 PM,1.0
3/22/2018 6:00:00 PM,1.0
3/22/2018 6:10:00 PM,1.0
3/22/2018 6:20:00 PM,1.0
3/22/2018 6:30:00 PM,1.0
3/22/2018 6:40:00 PM,1.0
3/22/2018 6:50:00 PM,1.0
3/22/2018 7:00:00 PM,1.0
3/22/2018 7:10:00 PM,0.0
3/22/2018 7:20:00 PM,0.0
3/22/2018 7:30:00 PM,0.0
3/22/2018 7:40:00 PM,0.0
3/22/2018 7:50:00 PM,0.0
3/22/2018 8:00:00 PM,0.0
3/22/2018 8:10:00 PM,0.0
3/22/2018 8:20:00 PM,0.0
3/22/2018 8:30:00 PM,0.0
3/22/2018 8:40:00 PM,0.0
3/22/2018 8:50:00 PM,0.0
3/22/2018 9:00:00 PM,0.0
3/22/2018 9:10:00 PM,0.0
3/22/2018 9:20:00 PM,0.0
3/22/2018 9:30:00 PM,0.0
3/22/2018 9:40:00 PM,0.0
3/22/2018 9:50:00 PM,0.0
3/22/2018 10:00:00 PM,0.0
3/22/2018 10:10:00 PM,0.0
3/22/2018 10:20:00 PM,0.0
3/22/2018 10:30:00 PM,0.0
3/22/2018 10:40:00 PM,0.0
3/22/2018 10:50:00 PM,0.0
3/22/2018 11:00:00 PM,0.0
3/22/2018 11:10:00 PM,0.0
3/22/2018 11:20:00 PM,0.0
3/22/2018 11:30:00 PM,0.0
3/22/2018 11:40:00 PM,0.0
3/22/2018 11:50:00 PM,0.0
3/23/2018 12:00:00 AM,0.0
3/23/2018 12:10:00 AM,1.0
3/23/2018 12:20:00 AM,1.0
3/23/2018 12:30:00 AM,1.0
3/23/2018 12:40:00 AM,1.0
3/23/2018 12:50:00 AM,1.0
3/23/2018 1:00:00 AM,1.0
3/23/2018 1:10:00 AM,1.0
3/23/2018 1:20:00 AM,1.0
3/23/2018 1:30:00 AM,1.0
3/23/2018 1:40:00 AM,1.0
3/23/2018 1:50:00 AM,1.0
3/23/2018 2:00:00 AM,1.0
3/23/2018 2:10:00 AM,1.0
3/23/2018 2:20:00 AM,1.0
3/23/2018 2:30:00 AM,1.0
3/23/2018 2:40:00 AM,1.0
3/23/2018 2:50:00 AM,1.0
3/23/2018 3:00:00 AM,1.0
3/23/2018 3:10:00 AM,1.0
3/23/2018 3:20:00 AM,1.0
3/23/2018 3:30:00 AM,1.0
3/23/2018 3:40:00 AM,1.0
3/23/2018 3:50:00 AM,1.0
3/23/2018 4:00:00 AM,1.0
3/23/2018 4:10:00 AM,1.0
3/23/2018 4:20:00 AM,1.0
3/23/2018 4:30:00 AM,1.0
3/23/2018 4:40:00 AM,1.0
3/23/2018 4:50:00 AM,1.0
3/23/2018 5:00:00 AM,0.0
3/23/2018 5:10:00 AM,0.0
3/23/2018 5:20:00 AM,0.0
3/23/2018 5:30:00 AM,0.0
3/23/2018 5:40:00 AM,0.0
3/23/2018 5:50:00 AM,0.0
3/23/2018 6:00:00 AM,0.0
3/23/2018 6:10:00 AM,0.0
3/23/2018 6:20:00 AM,2.0
3/23/2018 6:30:00 AM,2.0
3/23/2018 6:40:00 AM,2.0
3/23/2018 6:50:00 AM,3.0
3/23/2018 7:00:00 AM,3.0
3/23/2018 7:10:00 AM,3.0
3/23/2018 7:20:00 AM,8.0
3/23/2018 7:30:00 AM,20.0
3/23/2018 7:40:00 AM,21.0
3/23/2018 7:50:00 AM,21.0
3/23/2018 8:00:00 AM,20.0
3/23/2018 8:10:00 AM,20.0
3/23/2018 8:20:00 AM,22.0
3/23/2018 8:30:00 AM,20.0
3/23/2018 8:40:00 AM,24.0
3/23/2018 8:50:00 AM,18.0
3/23/2018 9:00:00 AM,21.0
3/23/2018 9:10:00 AM,22.0
3/23/2018 9:20:00 AM,24.0
3/23/2018 9:30:00 AM,12.0
3/23/2018 9:40:00 AM,11.0
3/23/2018 9:50:00 AM,13.0
3/23/2018 10:00:00 AM,11.0
3/23/2018 10:10:00 AM,10.0
3/23/2018 10:20:00 AM,13.0
3/23/2018 10:30:00 AM,16.0
3/23/2018 10:40:00 AM,10.0
3/23/2018 10:50:00 AM,5.0
3/23/2018 11:00:00 AM,5.0
3/23/2018 11:10:00 AM,5.0
3/23/2018 11:20:00 AM,6.0
3/23/2018 11:30:00 AM,2.0
3/23/2018 11:40:00 AM,3.0
3/23/2018 11:50:00 AM,3.0
3/23/2018 12:00:00 PM,3.0
3/23/2018 12:10:00 PM,0.0
3/23/2018 12:20:00 PM,0.0
3/23/2018 12:30:00 PM,0.0
3/23/2018 12:40:00 PM,0.0
3/23/2018 12:50:00 PM,0.0
3/23/2018 1:00:00 PM,0.0
3/23/2018 1:10:00 PM,0.0
3/23/2018 1:20:00 PM,0.0
3/23/2018 1:30:00 PM,0.0
3/23/2018 1:40:00 PM,0.0
3/23/2018 1:50:00 PM,0.0
3/23/2018 2:00:00 PM,0.0
3/23/2018 2:10:00 PM,0.0
3/23/2018 2:20:00 PM,0.0
3/23/2018 2:30:00 PM,0.0
3/23/2018 2:40:00 PM,0.0
3/23/2018 2:50:00 PM,0.0
3/23/2018 3:00:00 PM,0.0
3/23/2018 3:10:00 PM,0.0
3/23/2018 3:20:00 PM,0.0
3/23/2018 3:30:00 PM,0.0
3/23/2018 3:40:00 PM,0.0
3/23/2018 3:50:00 PM,0.0
3/23/2018 4:00:00 PM,0.0
3/23/2018 4:10:00 PM,0.0
3/23/2018 4:20:00 PM,0.0
3/23/2018 4:30:00 PM,0.0
3/23/2018 4:40:00 PM,0.0
3/23/2018 4:50:00 PM,0.0
3/23/2018 5:00:00 PM,0.0
3/23/2018 5:10:00 PM,0.0
3/23/2018 5:20:00 PM,0.0
3/23/2018 5:30:00 PM,0.0
3/23/2018 5:40:00 PM,0.0
3/23/2018 5:50:00 PM,0.0
3/23/2018 6:00:00 PM,0.0
3/23/2018 6:10:00 PM,0.0
3/23/2018 6:20:00 PM,0.0
3/23/2018 6:30:00 PM,0.0
3/23/2018 6:40:00 PM,0.0
3/23/2018 6:50:00 PM,0.0
3/23/2018 7:00:00 PM,0.0
3/23/2018 7:10:00 PM,0.0
3/23/2018 7:20:00 PM,0.0
3/23/2018 7:30:00 PM,0.0
3/23/2018 7:40:00 PM,0.0
3/23/2018 7:50:00 PM,0.0
3/23/2018 8:00:00 PM,0.0
3/23/2018 8:10:00 PM,0.0
3/23/2018 8:20:00 PM,0.0
3/23/2018 8:30:00 PM,0.0
3/23/2018 8:40:00 PM,0.0
3/23/2018 8:50:00 PM,0.0
3/23/2018 9:00:00 PM,0.0
3/23/2018 9:10:00 PM,0.0
3/23/2018 9:20:00 PM,0.0
3/23/2018 9:30:00 PM,0.0
3/23/2018 9:40:00 PM,0.0
3/23/2018 9:50:00 PM,0.0
3/23/2018 10:00:00 PM,0.0
3/23/2018 10:10:00 PM,0.0
3/23/2018 10:20:00 PM,0.0
3/23/2018 10:30:00 PM,0.0
3/23/2018 10:40:00 PM,0.0
3/23/2018 10:50:00 PM,0.0
3/23/2018 11:00:00 PM,0.0
3/23/2018 11:10:00 PM,0.0
3/23/2018 11:20:00 PM,0.0
3/23/2018 11:30:00 PM,0.0
3/23/2018 11:40:00 PM,0.0
3/23/2018 11:50:00 PM,0.0
3/24/2018 12:00:00 AM,0.0
3/24/2018 12:10:00 AM,0.0
3/24/2018 12:20:00 AM,0.0
3/24/2018 12:30:00 AM,0.0
3/24/2018 12:40:00 AM,0.0
3/24/2018 12:50:00 AM,0.0
3/24/2018 1:00:00 AM,0.0
3/24/2018 1:10:00 AM,0.0
3/24/2018 1:20:00 AM,0.0
3/24/2018 1:30:00 AM,0.0
3/24/2018 1:40:00 AM,0.0
3/24/2018 1:50:00 AM,0.0
3/24/2018 2:00:00 AM,0.0
3/24/2018 2:10:00 AM,0.0
3/24/2018 2:20:00 AM,0.0
3/24/2018 2:30:00 AM,0.0
3/24/2018 2:40:00 AM,0.0
3/24/2018 2:50:00 AM,0.0
3/24/2018 3:00:00 AM,0.0
3/24/2018 3:10:00 AM,0.0
3/24/2018 3:20:00 AM,0.0
3/24/2018 3:30:00 AM,0.0
3/24/2018 3:40:00 AM,0.0
3/24/2018 3:50:00 AM,0.0
3/24/2018 4:00:00 AM,0.0
3/24/2018 4:10:00 AM,0.0
3/24/2018 4:20:00 AM,0.0
3/24/2018 4:30:00 AM,0.0
3/24/2018 4:40:00 AM,0.0
3/24/2018 4:50:00 AM,0.0
3/24/2018 5:00:00 AM,0.0
3/24/2018 5:10:00 AM,0.0
3/24/2018 5:20:00 AM,0.0
3/24/2018 5:30:00 AM,0.0
3/24/2018 5:40:00 AM,0.0
3/24/2018 5:50:00 AM,0.0
3/24/2018 6:00:00 AM,0.0
3/24/2018 6:10:00 AM,0.0
3/24/2018 6:20:00 AM,0.0
3/24/2018 6:30:00 AM,0.0
3/24/2018 6:40:00 AM,0.0
3/24/2018 6:50:00 AM,0.0
3/24/2018 7:00:00 AM,0.0
3/24/2018 7:10:00 AM,0.0
3/24/2018 7:20:00 AM,0.0
3/24/2018 7:30:00 AM,0.0
3/24/2018 7:40:00 AM,0.0
3/24/2018 7:50:00 AM,0.0
3/24/2018 8:00:00 AM,0.0
3/24/2018 8:10:00 AM,0.0
3/24/2018 8:20:00 AM,0.0
3/24/2018 8:30:00 AM,0.0
3/24/2018 8:40:00 AM,0.0
3/24/2018 8:50:00 AM,0.0
3/24/2018 9:00:00 AM,0.0
3/24/2018 9:10:00 AM,0.0
3/24/2018 9:20:00 AM,0.0
3/24/2018 9:30:00 AM,0.0
3/24/2018 9:40:00 AM,0.0
3/24/2018 9:50:00 AM,0.0
3/24/2018 10:00:00 AM,0.0
3/24/2018 10:10:00 AM,0.0
3/24/2018 10:20:00 AM,0.0
3/24/2018 10:30:00 AM,0.0
3/24/2018 10:40:00 AM,0.0
3/24/2018 10:50:00 AM,0.0
3/24/2018 11:00:00 AM,0.0
3/24/2018 11:10:00 AM,0.0
3/24/2018 11:20:00 AM,0.0
3/24/2018 11:30:00 AM,0.0
3/24/2018 11:40:00 AM,0.0
3/24/2018 11:50:00 AM,0.0
3/24/2018 12:00:00 PM,0.0
3/24/2018 12:10:00 PM,0.0
3/24/2018 12:20:00 PM,1.0
3/24/2018 12:30:00 PM,0.0
3/24/2018 12:40:00 PM,0.0
3/24/2018 12:50:00 PM,0.0
3/24/2018 1:00:00 PM,0.0
3/24/2018 1:10:00 PM,0.0
3/24/2018 1:20:00 PM,0.0
3/24/2018 1:30:00 PM,0.0
3/24/2018 1:40:00 PM,0.0
3/24/2018 1:50:00 PM,0.0
3/24/2018 2:00:00 PM,0.0
3/24/2018 2:10:00 PM,0.0
3/24/2018 2:20:00 PM,0.0
3/24/2018 2:30:00 PM,0.0
3/24/2018 2:40:00 PM,0.0
3/24/2018 2:50:00 PM,0.0
3/24/2018 3:00:00 PM,0.0
3/24/2018 3:10:00 PM,0.0
3/24/2018 3:20:00 PM,0.0
3/24/2018 3:30:00 PM,0.0
3/24/2018 3:40:00 PM,0.0
3/24/2018 3:50:00 PM,0.0
3/24/2018 4:00:00 PM,0.0
3/24/2018 4:10:00 PM,0.0
3/24/2018 4:20:00 PM,0.0
3/24/2018 4:30:00 PM,0.0
3/24/2018 4:40:00 PM,0.0
3/24/2018 4:50:00 PM,0.0
3/24/2018 5:00:00 PM,0.0
3/24/2018 5:10:00 PM,0.0
3/24/2018 5:20:00 PM,0.0
3/24/2018 5:30:00 PM,0.0
3/24/2018 5:40:00 PM,0.0
3/24/2018 5:50:00 PM,0.0
3/24/2018 6:00:00 PM,0.0
3/24/2018 6:10:00 PM,0.0
3/24/2018 6:20:00 PM,0.0
3/24/2018 6:30:00 PM,0.0
3/24/2018 6:40:00 PM,0.0
3/24/2018 6:50:00 PM,0.0
3/24/2018 7:00:00 PM,0.0
3/24/2018 7:10:00 PM,0.0
3/24/2018 7:20:00 PM,0.0
3/24/2018 7:30:00 PM,0.0
3/24/2018 7:40:00 PM,0.0
3/24/2018 7:50:00 PM,0.0
3/24/2018 8:00:00 PM,0.0
3/24/2018 8:10:00 PM,0.0
3/24/2018 8:20:00 PM,0.0
3/24/2018 8:30:00 PM,0.0
3/24/2018 8:40:00 PM,0.0
3/24/2018 8:50:00 PM,0.0
3/24/2018 9:00:00 PM,0.0
3/24/2018 9:10:00 PM,0.0
3/24/2018 9:20:00 PM,0.0
3/24/2018 9:30:00 PM,0.0
3/24/2018 9:40:00 PM,0.0
3/24/2018 9:50:00 PM,0.0
3/24/2018 10:00:00 PM,0.0
3/24/2018 10:10:00 PM,0.0
3/24/2018 10:20:00 PM,0.0
3/24/2018 10:30:00 PM,0.0
3/24/2018 10:40:00 PM,0.0
3/24/2018 10:50:00 PM,0.0
3/24/2018 11:00:00 PM,0.0
3/24/2018 11:10:00 PM,0.0
3/24/2018 11:20:00 PM,0.0
3/24/2018 11:30:00 PM,0.0
3/24/2018 11:40:00 PM,0.0
3/24/2018 11:50:00 PM,0.0
3/25/2018 12:00:00 AM,0.0
3/25/2018 12:10:00 AM,0.0
3/25/2018 12:20:00 AM,0.0
3/25/2018 12:30:00 AM,0.0
3/25/2018 12:40:00 AM,0.0
3/25/2018 12:50:00 AM,0.0
3/25/2018 1:00:00 AM,0.0
3/25/2018 1:10:00 AM,0.0
3/25/2018 1:20:00 AM,0.0
3/25/2018 1:30:00 AM,0.0
3/25/2018 1:40:00 AM,0.0
3/25/2018 1:50:00 AM,0.0
3/25/2018 2:00:00 AM,0.0
3/25/2018 2:10:00 AM,0.0
3/25/2018 2:20:00 AM,0.0
3/25/2018 2:30:00 AM,0.0
3/25/2018 2:40:00 AM,0.0
3/25/2018 2:50:00 AM,0.0
3/25/2018 3:00:00 AM,0.0
3/25/2018 3:10:00 AM,0.0
3/25/2018 3:20:00 AM,0.0
3/25/2018 3:30:00 AM,0.0
3/25/2018 3:40:00 AM,0.0
3/25/2018 3:50:00 AM,0.0
3/25/2018 4:00:00 AM,0.0
3/25/2018 4:10:00 AM,0.0
3/25/2018 4:20:00 AM,0.0
3/25/2018 4:30:00 AM,0.0
3/25/2018 4:40:00 AM,0.0
3/25/2018 4:50:00 AM,0.0
3/25/2018 5:00:00 AM,0.0
3/25/2018 5:10:00 AM,0.0
3/25/2018 5:20:00 AM,0.0
3/25/2018 5:30:00 AM,0.0
3/25/2018 5:40:00 AM,0.0
3/25/2018 5:50:00 AM,0.0
3/25/2018 6:00:00 AM,0.0
3/25/2018 6:10:00 AM,0.0
3/25/2018 6:20:00 AM,0.0
3/25/2018 6:30:00 AM,0.0
3/25/2018 6:40:00 AM,0.0
3/25/2018 6:50:00 AM,0.0
3/25/2018 7:00:00 AM,0.0
3/25/2018 7:10:00 AM,0.0
3/25/2018 7:20:00 AM,0.0
3/25/2018 7:30:00 AM,0.0
3/25/2018 7:40:00 AM,0.0
3/25/2018 7:50:00 AM,0.0
3/25/2018 8:00:00 AM,0.0
3/25/2018 8:10:00 AM,0.0
3/25/2018 8:20:00 AM,0.0
3/25/2018 8:30:00 AM,0.0
3/25/2018 8:40:00 AM,0.0
3/25/2018 8:50:00 AM,0.0
3/25/2018 9:00:00 AM,0.0
3/25/2018 9:10:00 AM,0.0
3/25/2018 9:20:00 AM,0.0
3/25/2018 9:30:00 AM,0.0
3/25/2018 9:40:00 AM,0.0
3/25/2018 9:50:00 AM,0.0
3/25/2018 10:00:00 AM,0.0
3/25/2018 10:10:00 AM,0.0
3/25/2018 10:20:00 AM,0.0
3/25/2018 10:30:00 AM,0.0
3/25/2018 10:40:00 AM,0.0
3/25/2018 10:50:00 AM,0.0
3/25/2018 11:00:00 AM,0.0
3/25/2018 11:10:00 AM,0.0
3/25/2018 11:20:00 AM,0.0
3/25/2018 11:30:00 AM,0.0
3/25/2018 11:40:00 AM,0.0
3/25/2018 11:50:00 AM,0.0
3/25/2018 12:00:00 PM,0.0
3/25/2018 12:10:00 PM,0.0
3/25/2018 12:20:00 PM,0.0
3/25/2018 12:30:00 PM,0.0
3/25/2018 12:40:00 PM,0.0
3/25/2018 12:50:00 PM,0.0
3/25/2018 1:00:00 PM,0.0
3/25/2018 1:10:00 PM,0.0
3/25/2018 1:20:00 PM,0.0
3/25/2018 1:30:00 PM,0.0
3/25/2018 1:40:00 PM,0.0
3/25/2018 1:50:00 PM,0.0
3/25/2018 2:00:00 PM,0.0
3/25/2018 2:10:00 PM,0.0
3/25/2018 2:20:00 PM,0.0
3/25/2018 2:30:00 PM,0.0
3/25/2018 2:40:00 PM,0.0
3/25/2018 2:50:00 PM,0.0
3/25/2018 3:00:00 PM,0.0
3/25/2018 3:10:00 PM,0.0
3/25/2018 3:20:00 PM,0.0
3/25/2018 3:30:00 PM,0.0
3/25/2018 3:40:00 PM,0.0
3/25/2018 3:50:00 PM,0.0
3/25/2018 4:00:00 PM,0.0
3/25/2018 4:10:00 PM,0.0
3/25/2018 4:20:00 PM,0.0
3/25/2018 4:30:00 PM,0.0
3/25/2018 4:40:00 PM,0.0
3/25/2018 4:50:00 PM,0.0
3/25/2018 5:00:00 PM,0.0
3/25/2018 5:10:00 PM,0.0
3/25/2018 5:20:00 PM,0.0
3/25/2018 5:30:00 PM,0.0
3/25/2018 5:40:00 PM,0.0
3/25/2018 5:50:00 PM,0.0
3/25/2018 6:00:00 PM,0.0
3/25/2018 6:10:00 PM,0.0
3/25/2018 6:20:00 PM,0.0
3/25/2018 6:30:00 PM,0.0
3/25/2018 6:40:00 PM,0.0
3/25/2018 6:50:00 PM,0.0
3/25/2018 7:00:00 PM,0.0
3/25/2018 7:10:00 PM,0.0
3/25/2018 7:20:00 PM,0.0
3/25/2018 7:30:00 PM,0.0
3/25/2018 7:40:00 PM,0.0
3/25/2018 7:50:00 PM,0.0
3/25/2018 8:00:00 PM,0.0
3/25/2018 8:10:00 PM,0.0
3/25/2018 8:20:00 PM,0.0
3/25/2018 8:30:00 PM,0.0
3/25/2018 8:40:00 PM,0.0
3/25/2018 8:50:00 PM,0.0
3/25/2018 9:00:00 PM,0.0
3/25/2018 9:10:00 PM,0.0
3/25/2018 9:20:00 PM,0.0
3/25/2018 9:30:00 PM,0.0
3/25/2018 9:40:00 PM,0.0
3/25/2018 9:50:00 PM,0.0
3/25/2018 10:00:00 PM,0.0
3/25/2018 10:10:00 PM,0.0
3/25/2018 10:20:00 PM,0.0
3/25/2018 10:30:00 PM,0.0
3/25/2018 10:40:00 PM,0.0
3/25/2018 10:50:00 PM,0.0
3/25/2018 11:00:00 PM,0.0
3/25/2018 11:10:00 PM,0.0
3/25/2018 11:20:00 PM,0.0
3/25/2018 11:30:00 PM,0.0
3/25/2018 11:40:00 PM,0.0
3/25/2018 11:50:00 PM,0.0
3/26/2018 12:00:00 AM,0.0
3/26/2018 12:10:00 AM,0.0
3/26/2018 12:20:00 AM,0.0
3/26/2018 12:30:00 AM,0.0
3/26/2018 12:40:00 AM,0.0
3/26/2018 12:50:00 AM,0.0
3/26/2018 1:00:00 AM,0.0
3/26/2018 1:10:00 AM,0.0
3/26/2018 1:20:00 AM,0.0
3/26/2018 1:30:00 AM,0.0
3/26/2018 1:40:00 AM,0.0
3/26/2018 1:50:00 AM,0.0
3/26/2018 2:00:00 AM,0.0
3/26/2018 2:10:00 AM,0.0
3/26/2018 2:20:00 AM,0.0
3/26/2018 2:30:00 AM,0.0
3/26/2018 2:40:00 AM,0.0
3/26/2018 2:50:00 AM,0.0
3/26/2018 3:00:00 AM,0.0
3/26/2018 3:10:00 AM,0.0
3/26/2018 3:20:00 AM,0.0
3/26/2018 3:30:00 AM,0.0
3/26/2018 3:40:00 AM,0.0
3/26/2018 3:50:00 AM,0.0
3/26/2018 4:00:00 AM,0.0
3/26/2018 4:10:00 AM,0.0
3/26/2018 4:20:00 AM,0.0
3/26/2018 4:30:00 AM,0.0
3/26/2018 4:40:00 AM,0.0
3/26/2018 4:50:00 AM,0.0
3/26/2018 5:00:00 AM,0.0
3/26/2018 5:10:00 AM,0.0
3/26/2018 5:20:00 AM,0.0
3/26/2018 5:30:00 AM,0.0
3/26/2018 5:40:00 AM,0.0
3/26/2018 5:50:00 AM,0.0
3/26/2018 6:00:00 AM,0.0
3/26/2018 6:10:00 AM,0.0
3/26/2018 6:20:00 AM,0.0
3/26/2018 6:30:00 AM,0.0
3/26/2018 6:40:00 AM,0.0
3/26/2018 6:50:00 AM,0.0
3/26/2018 7:00:00 AM,1.0
3/26/2018 7:10:00 AM,10.0
3/26/2018 7:20:00 AM,9.0
3/26/2018 7:30:00 AM,9.0
3/26/2018 7:40:00 AM,9.0
3/26/2018 7:50:00 AM,9.0
3/26/2018 8:00:00 AM,9.0
3/26/2018 8:10:00 AM,9.0
3/26/2018 8:20:00 AM,9.0
3/26/2018 8:30:00 AM,7.0
3/26/2018 8:40:00 AM,7.0
3/26/2018 8:50:00 AM,9.0
3/26/2018 9:00:00 AM,9.0
3/26/2018 9:10:00 AM,9.0
3/26/2018 9:20:00 AM,9.0
3/26/2018 9:30:00 AM,5.0
3/26/2018 9:40:00 AM,5.0
3/26/2018 9:50:00 AM,5.0
3/26/2018 10:00:00 AM,5.0
3/26/2018 10:10:00 AM,5.0
3/26/2018 10:20:00 AM,3.0
3/26/2018 10:30:00 AM,3.0
3/26/2018 10:40:00 AM,3.0
3/26/2018 10:50:00 AM,1.0
3/26/2018 11:00:00 AM,3.0
3/26/2018 11:10:00 AM,6.0
3/26/2018 11:20:00 AM,6.0
3/26/2018 11:30:00 AM,5.0
3/26/2018 11:40:00 AM,4.0
3/26/2018 11:50:00 AM,6.0
3/26/2018 12:00:00 PM,5.0
3/26/2018 12:10:00 PM,6.0
3/26/2018 12:20:00 PM,6.0
3/26/2018 12:30:00 PM,6.0
3/26/2018 12:40:00 PM,6.0
3/26/2018 12:50:00 PM,5.0
3/26/2018 1:00:00 PM,6.0
3/26/2018 1:10:00 PM,4.0
3/26/2018 1:20:00 PM,4.0
3/26/2018 1:30:00 PM,4.0
3/26/2018 1:40:00 PM,4.0
3/26/2018 1:50:00 PM,4.0
3/26/2018 2:00:00 PM,4.0
3/26/2018 2:10:00 PM,4.0
3/26/2018 2:20:00 PM,4.0
3/26/2018 2:30:00 PM,4.0
3/26/2018 2:40:00 PM,1.0
3/26/2018 2:50:00 PM,1.0
3/26/2018 3:00:00 PM,1.0
3/26/2018 3:10:00 PM,1.0
3/26/2018 3:20:00 PM,1.0
3/26/2018 3:30:00 PM,1.0
3/26/2018 3:40:00 PM,1.0
3/26/2018 3:50:00 PM,1.0
3/26/2018 4:00:00 PM,1.0
3/26/2018 4:10:00 PM,1.0
3/26/2018 4:20:00 PM,1.0
3/26/2018 4:30:00 PM,1.0
3/26/2018 4:40:00 PM,1.0
3/26/2018 4:50:00 PM,1.0
3/26/2018 5:00:00 PM,1.0
3/26/2018 5:10:00 PM,1.0
3/26/2018 5:20:00 PM,1.0
3/26/2018 5:30:00 PM,1.0
3/26/2018 5:40:00 PM,1.0
3/26/2018 5:50:00 PM,1.0
3/26/2018 6:00:00 PM,1.0
3/26/2018 6:10:00 PM,1.0
3/26/2018 6:20:00 PM,1.0
3/26/2018 6:30:00 PM,1.0
3/26/2018 6:40:00 PM,1.0
3/26/2018 6:50:00 PM,1.0
3/26/2018 7:00:00 PM,1.0
3/26/2018 7:10:00 PM,1.0
3/26/2018 7:20:00 PM,1.0
3/26/2018 7:30:00 PM,1.0
3/26/2018 7:40:00 PM,1.0
3/26/2018 7:50:00 PM,1.0
3/26/2018 8:00:00 PM,1.0
3/26/2018 8:10:00 PM,1.0
3/26/2018 8:20:00 PM,1.0
3/26/2018 8:30:00 PM,1.0
3/26/2018 8:40:00 PM,1.0
3/26/2018 8:50:00 PM,1.0
3/26/2018 9:00:00 PM,1.0
3/26/2018 9:10:00 PM,0.0
3/26/2018 9:20:00 PM,0.0
3/26/2018 9:30:00 PM,0.0
3/26/2018 9:40:00 PM,0.0
3/26/2018 9:50:00 PM,0.0
3/26/2018 10:00:00 PM,0.0
3/26/2018 10:10:00 PM,0.0
3/26/2018 10:20:00 PM,0.0
3/26/2018 10:30:00 PM,0.0
3/26/2018 10:40:00 PM,0.0
3/26/2018 10:50:00 PM,0.0
3/26/2018 11:00:00 PM,0.0
3/26/2018 11:10:00 PM,0.0
3/26/2018 11:20:00 PM,0.0
3/26/2018 11:30:00 PM,0.0
3/26/2018 11:40:00 PM,0.0
3/26/2018 11:50:00 PM,0.0
3/27/2018 12:00:00 AM,1.0
3/27/2018 12:10:00 AM,1.0
3/27/2018 12:20:00 AM,1.0
3/27/2018 12:30:00 AM,1.0
3/27/2018 12:40:00 AM,1.0
3/27/2018 12:50:00 AM,1.0
3/27/2018 1:00:00 AM,1.0
3/27/2018 1:10:00 AM,1.0
3/27/2018 1:20:00 AM,1.0
3/27/2018 1:30:00 AM,1.0
3/27/2018 1:40:00 AM,1.0
3/27/2018 1:50:00 AM,1.0
3/27/2018 2:00:00 AM,1.0
3/27/2018 2:10:00 AM,1.0
3/27/2018 2:20:00 AM,1.0
3/27/2018 2:30:00 AM,1.0
3/27/2018 2:40:00 AM,1.0
3/27/2018 2:50:00 AM,1.0
3/27/2018 3:00:00 AM,1.0
3/27/2018 3:10:00 AM,1.0
3/27/2018 3:20:00 AM,1.0
3/27/2018 3:30:00 AM,1.0
3/27/2018 3:40:00 AM,1.0
3/27/2018 3:50:00 AM,1.0
3/27/2018 4:00:00 AM,1.0
3/27/2018 4:10:00 AM,1.0
3/27/2018 4:20:00 AM,1.0
3/27/2018 4:30:00 AM,1.0
3/27/2018 4:40:00 AM,1.0
3/27/2018 4:50:00 AM,1.0
3/27/2018 5:00:00 AM,0.0
3/27/2018 5:10:00 AM,0.0
3/27/2018 5:20:00 AM,0.0
3/27/2018 5:30:00 AM,0.0
3/27/2018 5:40:00 AM,0.0
3/27/2018 5:50:00 AM,0.0
3/27/2018 6:00:00 AM,2.0
3/27/2018 6:10:00 AM,5.0
3/27/2018 6:20:00 AM,6.0
3/27/2018 6:30:00 AM,10.0
3/27/2018 6:40:00 AM,9.0
3/27/2018 6:50:00 AM,10.0
3/27/2018 7:00:00 AM,11.0
3/27/2018 7:10:00 AM,11.0
3/27/2018 7:20:00 AM,11.0
3/27/2018 7:30:00 AM,11.0
3/27/2018 7:40:00 AM,11.0
3/27/2018 7:50:00 AM,11.0
3/27/2018 8:00:00 AM,10.0
3/27/2018 8:10:00 AM,11.0
3/27/2018 8:20:00 AM,9.0
3/27/2018 8:30:00 AM,11.0
3/27/2018 8:40:00 AM,11.0
3/27/2018 8:50:00 AM,11.0
3/27/2018 9:00:00 AM,11.0
3/27/2018 9:10:00 AM,11.0
3/27/2018 9:20:00 AM,11.0
3/27/2018 9:30:00 AM,11.0
3/27/2018 9:40:00 AM,11.0
3/27/2018 9:50:00 AM,10.0
3/27/2018 10:00:00 AM,9.0
3/27/2018 10:10:00 AM,5.0
3/27/2018 10:20:00 AM,5.0
3/27/2018 10:30:00 AM,5.0
3/27/2018 10:40:00 AM,5.0
3/27/2018 10:50:00 AM,5.0
3/27/2018 11:00:00 AM,5.0
3/27/2018 11:10:00 AM,0.0
3/27/2018 11:20:00 AM,0.0
3/27/2018 11:30:00 AM,0.0
3/27/2018 11:40:00 AM,0.0
3/27/2018 11:50:00 AM,0.0
3/27/2018 12:00:00 PM,0.0
3/27/2018 12:10:00 PM,0.0
3/27/2018 12:20:00 PM,0.0
3/27/2018 12:30:00 PM,0.0
3/27/2018 12:40:00 PM,0.0
3/27/2018 12:50:00 PM,0.0
3/27/2018 1:00:00 PM,0.0
3/27/2018 1:10:00 PM,0.0
3/27/2018 1:20:00 PM,0.0
3/27/2018 1:30:00 PM,0.0
3/27/2018 1:40:00 PM,0.0
3/27/2018 1:50:00 PM,0.0
3/27/2018 2:00:00 PM,0.0
3/27/2018 2:10:00 PM,0.0
3/27/2018 2:20:00 PM,0.0
3/27/2018 2:30:00 PM,0.0
3/27/2018 2:40:00 PM,0.0
3/27/2018 2:50:00 PM,0.0
3/27/2018 3:00:00 PM,0.0
3/27/2018 3:10:00 PM,0.0
3/27/2018 3:20:00 PM,0.0
3/27/2018 3:30:00 PM,0.0
3/27/2018 3:40:00 PM,0.0
3/27/2018 3:50:00 PM,0.0
3/27/2018 4:00:00 PM,0.0
3/27/2018 4:10:00 PM,0.0
3/27/2018 4:20:00 PM,0.0
3/27/2018 4:30:00 PM,0.0
3/27/2018 4:40:00 PM,0.0
3/27/2018 4:50:00 PM,0.0
3/27/2018 5:00:00 PM,0.0
3/27/2018 5:10:00 PM,0.0
3/27/2018 5:20:00 PM,0.0
3/27/2018 5:30:00 PM,0.0
3/27/2018 5:40:00 PM,0.0
3/27/2018 5:50:00 PM,0.0
3/27/2018 6:00:00 PM,0.0
3/27/2018 6:10:00 PM,0.0
3/27/2018 6:20:00 PM,0.0
3/27/2018 6:30:00 PM,0.0
3/27/2018 6:40:00 PM,0.0
3/27/2018 6:50:00 PM,0.0
3/27/2018 7:00:00 PM,0.0
3/27/2018 7:10:00 PM,0.0
3/27/2018 7:20:00 PM,0.0
3/27/2018 7:30:00 PM,0.0
3/27/2018 7:40:00 PM,0.0
3/27/2018 7:50:00 PM,0.0
3/27/2018 8:00:00 PM,0.0
3/27/2018 8:10:00 PM,0.0
3/27/2018 8:20:00 PM,0.0
3/27/2018 8:30:00 PM,0.0
3/27/2018 8:40:00 PM,0.0
3/27/2018 8:50:00 PM,0.0
3/27/2018 9:00:00 PM,0.0
3/27/2018 9:10:00 PM,0.0
3/27/2018 9:20:00 PM,0.0
3/27/2018 9:30:00 PM,0.0
3/27/2018 9:40:00 PM,0.0
3/27/2018 9:50:00 PM,0.0
3/27/2018 10:00:00 PM,0.0
3/27/2018 10:10:00 PM,0.0
3/27/2018 10:20:00 PM,0.0
3/27/2018 10:30:00 PM,0.0
3/27/2018 10:40:00 PM,0.0
3/27/2018 10:50:00 PM,0.0
3/27/2018 11:00:00 PM,0.0
3/27/2018 11:10:00 PM,0.0
3/27/2018 11:20:00 PM,0.0
3/27/2018 11:30:00 PM,0.0
3/27/2018 11:40:00 PM,0.0
3/27/2018 11:50:00 PM,0.0
3/28/2018 12:00:00 AM,0.0
3/28/2018 12:10:00 AM,0.0
3/28/2018 12:20:00 AM,0.0
3/28/2018 12:30:00 AM,0.0
3/28/2018 12:40:00 AM,0.0
3/28/2018 12:50:00 AM,0.0
3/28/2018 1:00:00 AM,0.0
3/28/2018 1:10:00 AM,0.0
3/28/2018 1:20:00 AM,0.0
3/28/2018 1:30:00 AM,0.0
3/28/2018 1:40:00 AM,0.0
3/28/2018 1:50:00 AM,0.0
3/28/2018 2:00:00 AM,0.0
3/28/2018 2:10:00 AM,0.0
3/28/2018 2:20:00 AM,0.0
3/28/2018 2:30:00 AM,0.0
3/28/2018 2:40:00 AM,0.0
3/28/2018 2:50:00 AM,0.0
3/28/2018 3:00:00 AM,0.0
3/28/2018 3:10:00 AM,0.0
3/28/2018 3:20:00 AM,0.0
3/28/2018 3:30:00 AM,0.0
3/28/2018 3:40:00 AM,0.0
3/28/2018 3:50:00 AM,0.0
3/28/2018 4:00:00 AM,0.0
3/28/2018 4:10:00 AM,0.0
3/28/2018 4:20:00 AM,0.0
3/28/2018 4:30:00 AM,0.0
3/28/2018 4:40:00 AM,0.0
3/28/2018 4:50:00 AM,0.0
3/28/2018 5:00:00 AM,0.0
3/28/2018 5:10:00 AM,0.0
3/28/2018 5:20:00 AM,0.0
3/28/2018 5:30:00 AM,0.0
3/28/2018 5:40:00 AM,0.0
3/28/2018 5:50:00 AM,0.0
3/28/2018 6:00:00 AM,0.0
3/28/2018 6:10:00 AM,1.0
3/28/2018 6:20:00 AM,1.0
3/28/2018 6:30:00 AM,6.0
3/28/2018 6:40:00 AM,6.0
3/28/2018 6:50:00 AM,6.0
3/28/2018 7:00:00 AM,6.0
3/28/2018 7:10:00 AM,7.0
3/28/2018 7:20:00 AM,7.0
3/28/2018 7:30:00 AM,7.0
3/28/2018 7:40:00 AM,7.0
3/28/2018 7:50:00 AM,7.0
3/28/2018 8:00:00 AM,7.0
3/28/2018 8:10:00 AM,7.0
3/28/2018 8:20:00 AM,2.0
3/28/2018 8:30:00 AM,2.0
3/28/2018 8:40:00 AM,6.0
3/28/2018 8:50:00 AM,6.0
3/28/2018 9:00:00 AM,6.0
3/28/2018 9:10:00 AM,6.0
3/28/2018 9:20:00 AM,6.0
3/28/2018 9:30:00 AM,6.0
3/28/2018 9:40:00 AM,6.0
3/28/2018 9:50:00 AM,5.0
3/28/2018 10:00:00 AM,6.0
3/28/2018 10:10:00 AM,6.0
3/28/2018 10:20:00 AM,6.0
3/28/2018 10:30:00 AM,6.0
3/28/2018 10:40:00 AM,6.0
3/28/2018 10:50:00 AM,6.0
3/28/2018 11:00:00 AM,4.0
3/28/2018 11:10:00 AM,0.0
3/28/2018 11:20:00 AM,6.0
3/28/2018 11:30:00 AM,6.0
3/28/2018 11:40:00 AM,6.0
3/28/2018 11:50:00 AM,5.0
3/28/2018 12:00:00 PM,6.0
3/28/2018 12:10:00 PM,6.0
3/28/2018 12:20:00 PM,6.0
3/28/2018 12:30:00 PM,6.0
3/28/2018 12:40:00 PM,6.0
3/28/2018 12:50:00 PM,5.0
3/28/2018 1:00:00 PM,6.0
3/28/2018 1:10:00 PM,6.0
3/28/2018 1:20:00 PM,6.0
3/28/2018 1:30:00 PM,6.0
3/28/2018 1:40:00 PM,2.0
3/28/2018 1:50:00 PM,2.0
3/28/2018 2:00:00 PM,0.0
3/28/2018 2:10:00 PM,0.0
3/28/2018 2:20:00 PM,0.0
3/28/2018 2:30:00 PM,0.0
3/28/2018 2:40:00 PM,0.0
3/28/2018 2:50:00 PM,0.0
3/28/2018 3:00:00 PM,0.0
3/28/2018 3:10:00 PM,0.0
3/28/2018 3:20:00 PM,0.0
3/28/2018 3:30:00 PM,0.0
3/28/2018 3:40:00 PM,0.0
3/28/2018 3:50:00 PM,0.0
3/28/2018 4:00:00 PM,0.0
3/28/2018 4:10:00 PM,0.0
3/28/2018 4:20:00 PM,0.0
3/28/2018 4:30:00 PM,0.0
3/28/2018 4:40:00 PM,0.0
3/28/2018 4:50:00 PM,0.0
3/28/2018 5:00:00 PM,0.0
3/28/2018 5:10:00 PM,0.0
3/28/2018 5:20:00 PM,0.0
3/28/2018 5:30:00 PM,0.0
3/28/2018 5:40:00 PM,0.0
3/28/2018 5:50:00 PM,0.0
3/28/2018 6:00:00 PM,0.0
3/28/2018 6:10:00 PM,0.0
3/28/2018 6:20:00 PM,0.0
3/28/2018 6:30:00 PM,0.0
3/28/2018 6:40:00 PM,0.0
3/28/2018 6:50:00 PM,0.0
3/28/2018 7:00:00 PM,0.0
3/28/2018 7:10:00 PM,0.0
3/28/2018 7:20:00 PM,0.0
3/28/2018 7:30:00 PM,0.0
3/28/2018 7:40:00 PM,0.0
3/28/2018 7:50:00 PM,0.0
3/28/2018 8:00:00 PM,0.0
3/28/2018 8:10:00 PM,0.0
3/28/2018 8:20:00 PM,0.0
3/28/2018 8:30:00 PM,0.0
3/28/2018 8:40:00 PM,0.0
3/28/2018 8:50:00 PM,0.0
3/28/2018 9:00:00 PM,0.0
3/28/2018 9:10:00 PM,0.0
3/28/2018 9:20:00 PM,0.0
3/28/2018 9:30:00 PM,0.0
3/28/2018 9:40:00 PM,0.0
3/28/2018 9:50:00 PM,0.0
3/28/2018 10:00:00 PM,0.0
3/28/2018 10:10:00 PM,0.0
3/28/2018 10:20:00 PM,0.0
3/28/2018 10:30:00 PM,0.0
3/28/2018 10:40:00 PM,0.0
3/28/2018 10:50:00 PM,0.0
3/28/2018 11:00:00 PM,0.0
3/28/2018 11:10:00 PM,0.0
3/28/2018 11:20:00 PM,0.0
3/28/2018 11:30:00 PM,0.0
3/28/2018 11:40:00 PM,0.0
3/28/2018 11:50:00 PM,0.0
3/29/2018 12:00:00 AM,0.0
3/29/2018 12:10:00 AM,0.0
3/29/2018 12:20:00 AM,0.0
3/29/2018 12:30:00 AM,0.0
3/29/2018 12:40:00 AM,0.0
3/29/2018 12:50:00 AM,0.0
3/29/2018 1:00:00 AM,0.0
3/29/2018 1:10:00 AM,0.0
3/29/2018 1:20:00 AM,0.0
3/29/2018 1:30:00 AM,0.0
3/29/2018 1:40:00 AM,0.0
3/29/2018 1:50:00 AM,0.0
3/29/2018 2:00:00 AM,0.0
3/29/2018 2:10:00 AM,0.0
3/29/2018 2:20:00 AM,0.0
3/29/2018 2:30:00 AM,0.0
3/29/2018 2:40:00 AM,0.0
3/29/2018 2:50:00 AM,0.0
3/29/2018 3:00:00 AM,0.0
3/29/2018 3:10:00 AM,0.0
3/29/2018 3:20:00 AM,0.0
3/29/2018 3:30:00 AM,0.0
3/29/2018 3:40:00 AM,0.0
3/29/2018 3:50:00 AM,0.0
3/29/2018 4:00:00 AM,0.0
3/29/2018 4:10:00 AM,0.0
3/29/2018 4:20:00 AM,0.0
3/29/2018 4:30:00 AM,0.0
3/29/2018 4:40:00 AM,0.0
3/29/2018 4:50:00 AM,0.0
3/29/2018 5:00:00 AM,0.0
3/29/2018 5:10:00 AM,0.0
3/29/2018 5:20:00 AM,0.0
3/29/2018 5:30:00 AM,0.0
3/29/2018 5:40:00 AM,0.0
3/29/2018 5:50:00 AM,0.0
3/29/2018 6:00:00 AM,0.0
3/29/2018 6:10:00 AM,1.0
3/29/2018 6:20:00 AM,3.0
3/29/2018 6:30:00 AM,4.0
3/29/2018 6:40:00 AM,4.0
3/29/2018 6:50:00 AM,4.0
3/29/2018 7:00:00 AM,4.0
3/29/2018 7:10:00 AM,4.0
3/29/2018 7:20:00 AM,4.0
3/29/2018 7:30:00 AM,4.0
3/29/2018 7:40:00 AM,4.0
3/29/2018 7:50:00 AM,4.0
3/29/2018 8:00:00 AM,4.0
3/29/2018 8:10:00 AM,4.0
3/29/2018 8:20:00 AM,4.0
3/29/2018 8:30:00 AM,4.0
3/29/2018 8:40:00 AM,4.0
3/29/2018 8:50:00 AM,4.0
3/29/2018 9:00:00 AM,4.0
3/29/2018 9:10:00 AM,4.0
3/29/2018 9:20:00 AM,5.0
3/29/2018 9:30:00 AM,5.0
3/29/2018 9:40:00 AM,4.0
3/29/2018 9:50:00 AM,4.0
3/29/2018 10:00:00 AM,4.0
3/29/2018 10:10:00 AM,4.0
3/29/2018 10:20:00 AM,4.0
3/29/2018 10:30:00 AM,4.0
3/29/2018 10:40:00 AM,4.0
3/29/2018 10:50:00 AM,4.0
3/29/2018 11:00:00 AM,4.0
3/29/2018 11:10:00 AM,4.0
3/29/2018 11:20:00 AM,4.0
3/29/2018 11:30:00 AM,4.0
3/29/2018 11:40:00 AM,4.0
3/29/2018 11:50:00 AM,4.0
3/29/2018 12:00:00 PM,3.0
3/29/2018 12:10:00 PM,4.0
3/29/2018 12:20:00 PM,0.0
3/29/2018 12:30:00 PM,0.0
3/29/2018 12:40:00 PM,0.0
3/29/2018 12:50:00 PM,0.0
3/29/2018 1:00:00 PM,0.0
3/29/2018 1:10:00 PM,0.0
3/29/2018 1:20:00 PM,0.0
3/29/2018 1:30:00 PM,0.0
3/29/2018 1:40:00 PM,0.0
3/29/2018 1:50:00 PM,0.0
3/29/2018 2:00:00 PM,0.0
3/29/2018 2:10:00 PM,0.0
3/29/2018 2:20:00 PM,0.0
3/29/2018 2:30:00 PM,0.0
3/29/2018 2:40:00 PM,0.0
3/29/2018 2:50:00 PM,0.0
3/29/2018 3:00:00 PM,0.0
3/29/2018 3:10:00 PM,0.0
3/29/2018 3:20:00 PM,0.0
3/29/2018 3:30:00 PM,0.0
3/29/2018 3:40:00 PM,0.0
3/29/2018 3:50:00 PM,0.0
3/29/2018 4:00:00 PM,0.0
3/29/2018 4:10:00 PM,0.0
3/29/2018 4:20:00 PM,0.0
3/29/2018 4:30:00 PM,0.0
3/29/2018 4:40:00 PM,0.0
3/29/2018 4:50:00 PM,0.0
3/29/2018 5:00:00 PM,0.0
3/29/2018 5:10:00 PM,0.0
3/29/2018 5:20:00 PM,0.0
3/29/2018 5:30:00 PM,0.0
3/29/2018 5:40:00 PM,0.0
3/29/2018 5:50:00 PM,0.0
3/29/2018 6:00:00 PM,0.0
3/29/2018 6:10:00 PM,0.0
3/29/2018 6:20:00 PM,0.0
3/29/2018 6:30:00 PM,0.0
3/29/2018 6:40:00 PM,0.0
3/29/2018 6:50:00 PM,0.0
3/29/2018 7:00:00 PM,0.0
3/29/2018 7:10:00 PM,0.0
3/29/2018 7:20:00 PM,0.0
3/29/2018 7:30:00 PM,0.0
3/29/2018 7:40:00 PM,0.0
3/29/2018 7:50:00 PM,0.0
3/29/2018 8:00:00 PM,0.0
3/29/2018 8:10:00 PM,0.0
3/29/2018 8:20:00 PM,0.0
3/29/2018 8:30:00 PM,0.0
3/29/2018 8:40:00 PM,0.0
3/29/2018 8:50:00 PM,0.0
3/29/2018 9:00:00 PM,0.0
3/29/2018 9:10:00 PM,0.0
3/29/2018 9:20:00 PM,0.0
3/29/2018 9:30:00 PM,0.0
3/29/2018 9:40:00 PM,0.0
3/29/2018 9:50:00 PM,0.0
3/29/2018 10:00:00 PM,0.0
3/29/2018 10:10:00 PM,0.0
3/29/2018 10:20:00 PM,0.0
3/29/2018 10:30:00 PM,0.0
3/29/2018 10:40:00 PM,0.0
3/29/2018 10:50:00 PM,0.0
3/29/2018 11:00:00 PM,0.0
3/29/2018 11:10:00 PM,0.0
3/29/2018 11:20:00 PM,0.0
3/29/2018 11:30:00 PM,0.0
3/29/2018 11:40:00 PM,0.0
3/29/2018 11:50:00 PM,0.0
3/30/2018 12:00:00 AM,0.0
3/30/2018 12:10:00 AM,0.0
3/30/2018 12:20:00 AM,0.0
3/30/2018 12:30:00 AM,0.0
3/30/2018 12:40:00 AM,0.0
3/30/2018 12:50:00 AM,0.0
3/30/2018 1:00:00 AM,0.0
3/30/2018 1:10:00 AM,0.0
3/30/2018 1:20:00 AM,0.0
3/30/2018 1:30:00 AM,0.0
3/30/2018 1:40:00 AM,0.0
3/30/2018 1:50:00 AM,0.0
3/30/2018 2:00:00 AM,0.0
3/30/2018 2:10:00 AM,0.0
3/30/2018 2:20:00 AM,0.0
3/30/2018 2:30:00 AM,0.0
3/30/2018 2:40:00 AM,0.0
3/30/2018 2:50:00 AM,0.0
3/30/2018 3:00:00 AM,0.0
3/30/2018 3:10:00 AM,0.0
3/30/2018 3:20:00 AM,0.0
3/30/2018 3:30:00 AM,0.0
3/30/2018 3:40:00 AM,0.0
3/30/2018 3:50:00 AM,0.0
3/30/2018 4:00:00 AM,0.0
3/30/2018 4:10:00 AM,0.0
3/30/2018 4:20:00 AM,0.0
3/30/2018 4:30:00 AM,0.0
3/30/2018 4:40:00 AM,0.0
3/30/2018 4:50:00 AM,0.0
3/30/2018 5:00:00 AM,0.0
3/30/2018 5:10:00 AM,0.0
3/30/2018 5:20:00 AM,0.0
3/30/2018 5:30:00 AM,0.0
3/30/2018 5:40:00 AM,0.0
3/30/2018 5:50:00 AM,0.0
3/30/2018 6:00:00 AM,0.0
3/30/2018 6:10:00 AM,0.0
3/30/2018 6:20:00 AM,0.0
3/30/2018 6:30:00 AM,0.0
3/30/2018 6:40:00 AM,0.0
3/30/2018 6:50:00 AM,0.0
3/30/2018 7:00:00 AM,0.0
3/30/2018 7:10:00 AM,0.0
3/30/2018 7:20:00 AM,0.0
3/30/2018 7:30:00 AM,0.0
3/30/2018 7:40:00 AM,0.0
3/30/2018 7:50:00 AM,0.0
3/30/2018 8:00:00 AM,0.0
3/30/2018 8:10:00 AM,0.0
3/30/2018 8:20:00 AM,0.0
3/30/2018 8:30:00 AM,0.0
3/30/2018 8:40:00 AM,0.0
3/30/2018 8:50:00 AM,0.0
3/30/2018 9:00:00 AM,0.0
3/30/2018 9:10:00 AM,0.0
3/30/2018 9:20:00 AM,0.0
3/30/2018 9:30:00 AM,0.0
3/30/2018 9:40:00 AM,0.0
3/30/2018 9:50:00 AM,0.0
3/30/2018 10:00:00 AM,0.0
3/30/2018 10:10:00 AM,0.0
3/30/2018 10:20:00 AM,0.0
3/30/2018 10:30:00 AM,0.0
3/30/2018 10:40:00 AM,0.0
3/30/2018 10:50:00 AM,0.0
3/30/2018 11:00:00 AM,0.0
3/30/2018 11:10:00 AM,0.0
3/30/2018 11:20:00 AM,0.0
3/30/2018 11:30:00 AM,0.0
3/30/2018 11:40:00 AM,0.0
3/30/2018 11:50:00 AM,0.0
3/30/2018 12:00:00 PM,0.0
3/30/2018 12:10:00 PM,0.0
3/30/2018 12:20:00 PM,0.0
3/30/2018 12:30:00 PM,0.0
3/30/2018 12:40:00 PM,0.0
3/30/2018 12:50:00 PM,0.0
3/30/2018 1:00:00 PM,0.0
3/30/2018 1:10:00 PM,0.0
3/30/2018 1:20:00 PM,0.0
3/30/2018 1:30:00 PM,0.0
3/30/2018 1:40:00 PM,0.0
3/30/2018 1:50:00 PM,0.0
3/30/2018 2:00:00 PM,0.0
3/30/2018 2:10:00 PM,0.0
3/30/2018 2:20:00 PM,0.0
3/30/2018 2:30:00 PM,0.0
3/30/2018 2:40:00 PM,0.0
3/30/2018 2:50:00 PM,0.0
3/30/2018 3:00:00 PM,0.0
3/30/2018 3:10:00 PM,0.0
3/30/2018 3:20:00 PM,0.0
3/30/2018 3:30:00 PM,0.0
3/30/2018 3:40:00 PM,0.0
3/30/2018 3:50:00 PM,0.0
3/30/2018 4:00:00 PM,0.0
3/30/2018 4:10:00 PM,0.0
3/30/2018 4:20:00 PM,0.0
3/30/2018 4:30:00 PM,0.0
3/30/2018 4:40:00 PM,0.0
3/30/2018 4:50:00 PM,0.0
3/30/2018 5:00:00 PM,0.0
3/30/2018 5:10:00 PM,0.0
3/30/2018 5:20:00 PM,0.0
3/30/2018 5:30:00 PM,0.0
3/30/2018 5:40:00 PM,0.0
3/30/2018 5:50:00 PM,0.0
3/30/2018 6:00:00 PM,0.0
3/30/2018 6:10:00 PM,0.0
3/30/2018 6:20:00 PM,0.0
3/30/2018 6:30:00 PM,0.0
3/30/2018 6:40:00 PM,0.0
3/30/2018 6:50:00 PM,0.0
3/30/2018 7:00:00 PM,0.0
3/30/2018 7:10:00 PM,0.0
3/30/2018 7:20:00 PM,0.0
3/30/2018 7:30:00 PM,0.0
3/30/2018 7:40:00 PM,0.0
3/30/2018 7:50:00 PM,0.0
3/30/2018 8:00:00 PM,0.0
3/30/2018 8:10:00 PM,0.0
3/30/2018 8:20:00 PM,0.0
3/30/2018 8:30:00 PM,0.0
3/30/2018 8:40:00 PM,0.0
3/30/2018 8:50:00 PM,0.0
3/30/2018 9:00:00 PM,0.0
3/30/2018 9:10:00 PM,0.0
3/30/2018 9:20:00 PM,0.0
3/30/2018 9:30:00 PM,0.0
3/30/2018 9:40:00 PM,0.0
3/30/2018 9:50:00 PM,0.0
3/30/2018 10:00:00 PM,0.0
3/30/2018 10:10:00 PM,0.0
3/30/2018 10:20:00 PM,0.0
3/30/2018 10:30:00 PM,0.0
3/30/2018 10:40:00 PM,0.0
3/30/2018 10:50:00 PM,0.0
3/30/2018 11:00:00 PM,0.0
3/30/2018 11:10:00 PM,0.0
3/30/2018 11:20:00 PM,0.0
3/30/2018 11:30:00 PM,0.0
3/30/2018 11:40:00 PM,0.0
3/30/2018 11:50:00 PM,0.0
3/31/2018 12:00:00 AM,0.0
3/31/2018 12:10:00 AM,0.0
3/31/2018 12:20:00 AM,0.0
3/31/2018 12:30:00 AM,0.0
3/31/2018 12:40:00 AM,0.0
3/31/2018 12:50:00 AM,0.0
3/31/2018 1:00:00 AM,0.0
3/31/2018 1:10:00 AM,0.0
3/31/2018 1:20:00 AM,0.0
3/31/2018 1:30:00 AM,0.0
3/31/2018 1:40:00 AM,0.0
3/31/2018 1:50:00 AM,0.0
3/31/2018 2:00:00 AM,0.0
3/31/2018 2:10:00 AM,0.0
3/31/2018 2:20:00 AM,0.0
3/31/2018 2:30:00 AM,0.0
3/31/2018 2:40:00 AM,0.0
3/31/2018 2:50:00 AM,0.0
3/31/2018 3:00:00 AM,0.0
3/31/2018 3:10:00 AM,0.0
3/31/2018 3:20:00 AM,0.0
3/31/2018 3:30:00 AM,0.0
3/31/2018 3:40:00 AM,0.0
3/31/2018 3:50:00 AM,0.0
3/31/2018 4:00:00 AM,0.0
3/31/2018 4:10:00 AM,0.0
3/31/2018 4:20:00 AM,0.0
3/31/2018 4:30:00 AM,0.0
3/31/2018 4:40:00 AM,0.0
3/31/2018 4:50:00 AM,0.0
3/31/2018 5:00:00 AM,0.0
3/31/2018 5:10:00 AM,0.0
3/31/2018 5:20:00 AM,0.0
3/31/2018 5:30:00 AM,0.0
3/31/2018 5:40:00 AM,0.0
3/31/2018 5:50:00 AM,0.0
3/31/2018 6:00:00 AM,0.0
3/31/2018 6:10:00 AM,0.0
3/31/2018 6:20:00 AM,0.0
3/31/2018 6:30:00 AM,0.0
3/31/2018 6:40:00 AM,0.0
3/31/2018 6:50:00 AM,0.0
3/31/2018 7:00:00 AM,0.0
3/31/2018 7:10:00 AM,0.0
3/31/2018 7:20:00 AM,0.0
3/31/2018 7:30:00 AM,0.0
3/31/2018 7:40:00 AM,0.0
3/31/2018 7:50:00 AM,0.0
3/31/2018 8:00:00 AM,0.0
3/31/2018 8:10:00 AM,0.0
3/31/2018 8:20:00 AM,0.0
3/31/2018 8:30:00 AM,0.0
3/31/2018 8:40:00 AM,0.0
3/31/2018 8:50:00 AM,0.0
3/31/2018 9:00:00 AM,0.0
3/31/2018 9:10:00 AM,0.0
3/31/2018 9:20:00 AM,0.0
3/31/2018 9:30:00 AM,0.0
3/31/2018 9:40:00 AM,0.0
3/31/2018 9:50:00 AM,0.0
3/31/2018 10:00:00 AM,0.0
3/31/2018 10:10:00 AM,0.0
3/31/2018 10:20:00 AM,0.0
3/31/2018 10:30:00 AM,0.0
3/31/2018 10:40:00 AM,0.0
3/31/2018 10:50:00 AM,0.0
3/31/2018 11:00:00 AM,0.0
3/31/2018 11:10:00 AM,0.0
3/31/2018 11:20:00 AM,0.0
3/31/2018 11:30:00 AM,0.0
3/31/2018 11:40:00 AM,0.0
3/31/2018 11:50:00 AM,0.0
3/31/2018 12:00:00 PM,0.0
3/31/2018 12:10:00 PM,0.0
3/31/2018 12:20:00 PM,0.0
3/31/2018 12:30:00 PM,0.0
3/31/2018 12:40:00 PM,0.0
3/31/2018 12:50:00 PM,0.0
3/31/2018 1:00:00 PM,0.0
3/31/2018 1:10:00 PM,0.0
3/31/2018 1:20:00 PM,0.0
3/31/2018 1:30:00 PM,0.0
3/31/2018 1:40:00 PM,0.0
3/31/2018 1:50:00 PM,0.0
3/31/2018 2:00:00 PM,0.0
3/31/2018 2:10:00 PM,0.0
3/31/2018 2:20:00 PM,0.0
3/31/2018 2:30:00 PM,0.0
3/31/2018 2:40:00 PM,0.0
3/31/2018 2:50:00 PM,0.0
3/31/2018 3:00:00 PM,0.0
3/31/2018 3:10:00 PM,0.0
3/31/2018 3:20:00 PM,0.0
3/31/2018 3:30:00 PM,0.0
3/31/2018 3:40:00 PM,0.0
3/31/2018 3:50:00 PM,0.0
3/31/2018 4:00:00 PM,0.0
3/31/2018 4:10:00 PM,0.0
3/31/2018 4:20:00 PM,0.0
3/31/2018 4:30:00 PM,0.0
3/31/2018 4:40:00 PM,0.0
3/31/2018 4:50:00 PM,0.0
3/31/2018 5:00:00 PM,0.0
3/31/2018 5:10:00 PM,0.0
3/31/2018 5:20:00 PM,0.0
3/31/2018 5:30:00 PM,0.0
3/31/2018 5:40:00 PM,0.0
3/31/2018 5:50:00 PM,0.0
3/31/2018 6:00:00 PM,0.0
3/31/2018 6:10:00 PM,0.0
3/31/2018 6:20:00 PM,0.0
3/31/2018 6:30:00 PM,0.0
3/31/2018 6:40:00 PM,0.0
3/31/2018 6:50:00 PM,0.0
3/31/2018 7:00:00 PM,0.0
3/31/2018 7:10:00 PM,0.0
3/31/2018 7:20:00 PM,0.0
3/31/2018 7:30:00 PM,0.0
3/31/2018 7:40:00 PM,0.0
3/31/2018 7:50:00 PM,0.0
3/31/2018 8:00:00 PM,0.0
3/31/2018 8:10:00 PM,0.0
3/31/2018 8:20:00 PM,0.0
3/31/2018 8:30:00 PM,0.0
3/31/2018 8:40:00 PM,0.0
3/31/2018 8:50:00 PM,0.0
3/31/2018 9:00:00 PM,0.0
3/31/2018 9:10:00 PM,0.0
3/31/2018 9:20:00 PM,0.0
3/31/2018 9:30:00 PM,0.0
3/31/2018 9:40:00 PM,0.0
3/31/2018 9:50:00 PM,0.0
3/31/2018 10:00:00 PM,0.0
3/31/2018 10:10:00 PM,0.0
3/31/2018 10:20:00 PM,0.0
3/31/2018 10:30:00 PM,0.0
3/31/2018 10:40:00 PM,0.0
3/31/2018 10:50:00 PM,0.0
3/31/2018 11:00:00 PM,0.0
3/31/2018 11:10:00 PM,0.0
3/31/2018 11:20:00 PM,0.0
3/31/2018 11:30:00 PM,0.0
3/31/2018 11:40:00 PM,0.0
3/31/2018 11:50:00 PM,0.0
4/1/2018 12:00:00 AM,0.0
4/1/2018 12:10:00 AM,0.0
4/1/2018 12:20:00 AM,0.0
4/1/2018 12:30:00 AM,0.0
4/1/2018 12:40:00 AM,0.0
4/1/2018 12:50:00 AM,0.0
4/1/2018 1:00:00 AM,0.0
4/1/2018 1:10:00 AM,0.0
4/1/2018 1:20:00 AM,0.0
4/1/2018 1:30:00 AM,0.0
4/1/2018 1:40:00 AM,0.0
4/1/2018 1:50:00 AM,0.0
4/1/2018 2:00:00 AM,0.0
4/1/2018 2:10:00 AM,0.0
4/1/2018 2:20:00 AM,0.0
4/1/2018 2:30:00 AM,0.0
4/1/2018 2:40:00 AM,0.0
4/1/2018 2:50:00 AM,0.0
4/1/2018 3:00:00 AM,0.0
4/1/2018 3:10:00 AM,0.0
4/1/2018 3:20:00 AM,0.0
4/1/2018 3:30:00 AM,0.0
4/1/2018 3:40:00 AM,0.0
4/1/2018 3:50:00 AM,0.0
4/1/2018 4:00:00 AM,0.0
4/1/2018 4:10:00 AM,0.0
4/1/2018 4:20:00 AM,0.0
4/1/2018 4:30:00 AM,0.0
4/1/2018 4:40:00 AM,0.0
4/1/2018 4:50:00 AM,0.0
4/1/2018 5:00:00 AM,0.0
4/1/2018 5:10:00 AM,0.0
4/1/2018 5:20:00 AM,0.0
4/1/2018 5:30:00 AM,0.0
4/1/2018 5:40:00 AM,0.0
4/1/2018 5:50:00 AM,0.0
4/1/2018 6:00:00 AM,0.0
4/1/2018 6:10:00 AM,0.0
4/1/2018 6:20:00 AM,0.0
4/1/2018 6:30:00 AM,0.0
4/1/2018 6:40:00 AM,0.0
4/1/2018 6:50:00 AM,0.0
4/1/2018 7:00:00 AM,0.0
4/1/2018 7:10:00 AM,0.0
4/1/2018 7:20:00 AM,0.0
4/1/2018 7:30:00 AM,0.0
4/1/2018 7:40:00 AM,0.0
4/1/2018 7:50:00 AM,0.0
4/1/2018 8:00:00 AM,0.0
4/1/2018 8:10:00 AM,0.0
4/1/2018 8:20:00 AM,0.0
4/1/2018 8:30:00 AM,0.0
4/1/2018 8:40:00 AM,0.0
4/1/2018 8:50:00 AM,0.0
4/1/2018 9:00:00 AM,0.0
4/1/2018 9:10:00 AM,0.0
4/1/2018 9:20:00 AM,0.0
4/1/2018 9:30:00 AM,0.0
4/1/2018 9:40:00 AM,0.0
4/1/2018 9:50:00 AM,0.0
4/1/2018 10:00:00 AM,0.0
4/1/2018 10:10:00 AM,0.0
4/1/2018 10:20:00 AM,0.0
4/1/2018 10:30:00 AM,0.0
4/1/2018 10:40:00 AM,0.0
4/1/2018 10:50:00 AM,0.0
4/1/2018 11:00:00 AM,0.0
4/1/2018 11:10:00 AM,0.0
4/1/2018 11:20:00 AM,0.0
4/1/2018 11:30:00 AM,0.0
4/1/2018 11:40:00 AM,0.0
4/1/2018 11:50:00 AM,0.0
4/1/2018 12:00:00 PM,0.0
4/1/2018 12:10:00 PM,0.0
4/1/2018 12:20:00 PM,0.0
4/1/2018 12:30:00 PM,0.0
4/1/2018 12:40:00 PM,0.0
4/1/2018 12:50:00 PM,0.0
4/1/2018 1:00:00 PM,0.0
4/1/2018 1:10:00 PM,0.0
4/1/2018 1:20:00 PM,0.0
4/1/2018 1:30:00 PM,0.0
4/1/2018 1:40:00 PM,0.0
4/1/2018 1:50:00 PM,0.0
4/1/2018 2:00:00 PM,0.0
4/1/2018 2:10:00 PM,0.0
4/1/2018 2:20:00 PM,0.0
4/1/2018 2:30:00 PM,0.0
4/1/2018 2:40:00 PM,0.0
4/1/2018 2:50:00 PM,0.0
4/1/2018 3:00:00 PM,0.0
4/1/2018 3:10:00 PM,0.0
4/1/2018 3:20:00 PM,0.0
4/1/2018 3:30:00 PM,0.0
4/1/2018 3:40:00 PM,0.0
4/1/2018 3:50:00 PM,0.0
4/1/2018 4:00:00 PM,0.0
4/1/2018 4:10:00 PM,0.0
4/1/2018 4:20:00 PM,0.0
4/1/2018 4:30:00 PM,0.0
4/1/2018 4:40:00 PM,0.0
4/1/2018 4:50:00 PM,0.0
4/1/2018 5:00:00 PM,0.0
4/1/2018 5:10:00 PM,0.0
4/1/2018 5:20:00 PM,0.0
4/1/2018 5:30:00 PM,0.0
4/1/2018 5:40:00 PM,0.0
4/1/2018 5:50:00 PM,0.0
4/1/2018 6:00:00 PM,0.0
4/1/2018 6:10:00 PM,0.0
4/1/2018 6:20:00 PM,0.0
4/1/2018 6:30:00 PM,0.0
4/1/2018 6:40:00 PM,0.0
4/1/2018 6:50:00 PM,0.0
4/1/2018 7:00:00 PM,0.0
4/1/2018 7:10:00 PM,0.0
4/1/2018 7:20:00 PM,0.0
4/1/2018 7:30:00 PM,0.0
4/1/2018 7:40:00 PM,0.0
4/1/2018 7:50:00 PM,0.0
4/1/2018 8:00:00 PM,0.0
4/1/2018 8:10:00 PM,0.0
4/1/2018 8:20:00 PM,0.0
4/1/2018 8:30:00 PM,0.0
4/1/2018 8:40:00 PM,0.0
4/1/2018 8:50:00 PM,0.0
4/1/2018 9:00:00 PM,0.0
4/1/2018 9:10:00 PM,0.0
4/1/2018 9:20:00 PM,0.0
4/1/2018 9:30:00 PM,0.0
4/1/2018 9:40:00 PM,0.0
4/1/2018 9:50:00 PM,0.0
4/1/2018 10:00:00 PM,0.0
4/1/2018 10:10:00 PM,0.0
4/1/2018 10:20:00 PM,0.0
4/1/2018 10:30:00 PM,0.0
4/1/2018 10:40:00 PM,0.0
4/1/2018 10:50:00 PM,0.0
4/1/2018 11:00:00 PM,0.0
4/1/2018 11:10:00 PM,0.0
4/1/2018 11:20:00 PM,0.0
4/1/2018 11:30:00 PM,0.0
4/1/2018 11:40:00 PM,0.0
4/1/2018 11:50:00 PM,0.0
4/2/2018 12:00:00 AM,0.0
4/2/2018 12:10:00 AM,0.0
4/2/2018 12:20:00 AM,0.0
4/2/2018 12:30:00 AM,0.0
4/2/2018 12:40:00 AM,0.0
4/2/2018 12:50:00 AM,0.0
4/2/2018 1:00:00 AM,0.0
4/2/2018 1:10:00 AM,0.0
4/2/2018 1:20:00 AM,0.0
4/2/2018 1:30:00 AM,0.0
4/2/2018 1:40:00 AM,0.0
4/2/2018 1:50:00 AM,0.0
4/2/2018 2:00:00 AM,0.0
4/2/2018 2:10:00 AM,0.0
4/2/2018 2:20:00 AM,0.0
4/2/2018 2:30:00 AM,0.0
4/2/2018 2:40:00 AM,0.0
4/2/2018 2:50:00 AM,0.0
4/2/2018 3:00:00 AM,0.0
4/2/2018 3:10:00 AM,0.0
4/2/2018 3:20:00 AM,0.0
4/2/2018 3:30:00 AM,0.0
4/2/2018 3:40:00 AM,0.0
4/2/2018 3:50:00 AM,0.0
4/2/2018 4:00:00 AM,0.0
4/2/2018 4:10:00 AM,0.0
4/2/2018 4:20:00 AM,0.0
4/2/2018 4:30:00 AM,0.0
4/2/2018 4:40:00 AM,0.0
4/2/2018 4:50:00 AM,0.0
4/2/2018 5:00:00 AM,0.0
4/2/2018 5:10:00 AM,0.0
4/2/2018 5:20:00 AM,0.0
4/2/2018 5:30:00 AM,0.0
4/2/2018 5:40:00 AM,0.0
4/2/2018 5:50:00 AM,0.0
4/2/2018 6:00:00 AM,0.0
4/2/2018 6:10:00 AM,0.0
4/2/2018 6:20:00 AM,0.0
4/2/2018 6:30:00 AM,2.0
4/2/2018 6:40:00 AM,2.0
4/2/2018 6:50:00 AM,6.0
4/2/2018 7:00:00 AM,6.0
4/2/2018 7:10:00 AM,6.0
4/2/2018 7:20:00 AM,4.0
4/2/2018 7:30:00 AM,4.0
4/2/2018 7:40:00 AM,6.0
4/2/2018 7:50:00 AM,6.0
4/2/2018 8:00:00 AM,4.0
4/2/2018 8:10:00 AM,6.0
4/2/2018 8:20:00 AM,6.0
4/2/2018 8:30:00 AM,6.0
4/2/2018 8:40:00 AM,6.0
4/2/2018 8:50:00 AM,6.0
4/2/2018 9:00:00 AM,6.0
4/2/2018 9:10:00 AM,6.0
4/2/2018 9:20:00 AM,6.0
4/2/2018 9:30:00 AM,6.0
4/2/2018 9:40:00 AM,5.0
4/2/2018 9:50:00 AM,6.0
4/2/2018 10:00:00 AM,6.0
4/2/2018 10:10:00 AM,6.0
4/2/2018 10:20:00 AM,3.0
4/2/2018 10:30:00 AM,3.0
4/2/2018 10:40:00 AM,2.0
4/2/2018 10:50:00 AM,4.0
4/2/2018 11:00:00 AM,6.0
4/2/2018 11:10:00 AM,6.0
4/2/2018 11:20:00 AM,6.0
4/2/2018 11:30:00 AM,6.0
4/2/2018 11:40:00 AM,6.0
4/2/2018 11:50:00 AM,6.0
4/2/2018 12:00:00 PM,6.0
4/2/2018 12:10:00 PM,6.0
4/2/2018 12:20:00 PM,6.0
4/2/2018 12:30:00 PM,6.0
4/2/2018 12:40:00 PM,3.0
4/2/2018 12:50:00 PM,5.0
4/2/2018 1:00:00 PM,5.0
4/2/2018 1:10:00 PM,5.0
4/2/2018 1:20:00 PM,5.0
4/2/2018 1:30:00 PM,4.0
4/2/2018 1:40:00 PM,5.0
4/2/2018 1:50:00 PM,5.0
4/2/2018 2:00:00 PM,5.0
4/2/2018 2:10:00 PM,3.0
4/2/2018 2:20:00 PM,3.0
4/2/2018 2:30:00 PM,3.0
4/2/2018 2:40:00 PM,3.0
4/2/2018 2:50:00 PM,3.0
4/2/2018 3:00:00 PM,0.0
4/2/2018 3:10:00 PM,0.0
4/2/2018 3:20:00 PM,0.0
4/2/2018 3:30:00 PM,0.0
4/2/2018 3:40:00 PM,0.0
4/2/2018 3:50:00 PM,0.0
4/2/2018 4:00:00 PM,0.0
4/2/2018 4:10:00 PM,0.0
4/2/2018 4:20:00 PM,0.0
4/2/2018 4:30:00 PM,0.0
4/2/2018 4:40:00 PM,0.0
4/2/2018 4:50:00 PM,0.0
4/2/2018 5:00:00 PM,0.0
4/2/2018 5:10:00 PM,0.0
4/2/2018 5:20:00 PM,0.0
4/2/2018 5:30:00 PM,0.0
4/2/2018 5:40:00 PM,0.0
4/2/2018 5:50:00 PM,0.0
4/2/2018 6:00:00 PM,0.0
4/2/2018 6:10:00 PM,0.0
4/2/2018 6:20:00 PM,0.0
4/2/2018 6:30:00 PM,0.0
4/2/2018 6:40:00 PM,0.0
4/2/2018 6:50:00 PM,0.0
4/2/2018 7:00:00 PM,0.0
4/2/2018 7:10:00 PM,0.0
4/2/2018 7:20:00 PM,0.0
4/2/2018 7:30:00 PM,0.0
4/2/2018 7:40:00 PM,0.0
4/2/2018 7:50:00 PM,0.0
4/2/2018 8:00:00 PM,0.0
4/2/2018 8:10:00 PM,0.0
4/2/2018 8:20:00 PM,0.0
4/2/2018 8:30:00 PM,0.0
4/2/2018 8:40:00 PM,0.0
4/2/2018 8:50:00 PM,0.0
4/2/2018 9:00:00 PM,0.0
4/2/2018 9:10:00 PM,0.0
4/2/2018 9:20:00 PM,0.0
4/2/2018 9:30:00 PM,0.0
4/2/2018 9:40:00 PM,0.0
4/2/2018 9:50:00 PM,0.0
4/2/2018 10:00:00 PM,0.0
4/2/2018 10:10:00 PM,0.0
4/2/2018 10:20:00 PM,0.0
4/2/2018 10:30:00 PM,0.0
4/2/2018 10:40:00 PM,0.0
4/2/2018 10:50:00 PM,0.0
4/2/2018 11:00:00 PM,0.0
4/2/2018 11:10:00 PM,0.0
4/2/2018 11:20:00 PM,0.0
4/2/2018 11:30:00 PM,0.0
4/2/2018 11:40:00 PM,0.0
4/2/2018 11:50:00 PM,0.0
4/3/2018 12:00:00 AM,0.0
4/3/2018 12:10:00 AM,1.0
4/3/2018 12:20:00 AM,2.0
4/3/2018 12:30:00 AM,2.0
4/3/2018 12:40:00 AM,2.0
4/3/2018 12:50:00 AM,2.0
4/3/2018 1:00:00 AM,2.0
4/3/2018 1:10:00 AM,2.0
4/3/2018 1:20:00 AM,2.0
4/3/2018 1:30:00 AM,2.0
4/3/2018 1:40:00 AM,2.0
4/3/2018 1:50:00 AM,2.0
4/3/2018 2:00:00 AM,2.0
4/3/2018 2:10:00 AM,2.0
4/3/2018 2:20:00 AM,2.0
4/3/2018 2:30:00 AM,2.0
4/3/2018 2:40:00 AM,2.0
4/3/2018 2:50:00 AM,2.0
4/3/2018 3:00:00 AM,2.0
4/3/2018 3:10:00 AM,2.0
4/3/2018 3:20:00 AM,2.0
4/3/2018 3:30:00 AM,2.0
4/3/2018 3:40:00 AM,2.0
4/3/2018 3:50:00 AM,2.0
4/3/2018 4:00:00 AM,2.0
4/3/2018 4:10:00 AM,2.0
4/3/2018 4:20:00 AM,2.0
4/3/2018 4:30:00 AM,2.0
4/3/2018 4:40:00 AM,2.0
4/3/2018 4:50:00 AM,2.0
4/3/2018 5:00:00 AM,5.0
4/3/2018 5:10:00 AM,0.0
4/3/2018 5:20:00 AM,0.0
4/3/2018 5:30:00 AM,0.0
4/3/2018 5:40:00 AM,0.0
4/3/2018 5:50:00 AM,1.0
4/3/2018 6:00:00 AM,1.0
4/3/2018 6:10:00 AM,6.0
4/3/2018 6:20:00 AM,6.0
4/3/2018 6:30:00 AM,9.0
4/3/2018 6:40:00 AM,9.0
4/3/2018 6:50:00 AM,9.0
4/3/2018 7:00:00 AM,11.0
4/3/2018 7:10:00 AM,13.0
4/3/2018 7:20:00 AM,14.0
4/3/2018 7:30:00 AM,15.0
4/3/2018 7:40:00 AM,15.0
4/3/2018 7:50:00 AM,15.0
4/3/2018 8:00:00 AM,13.0
4/3/2018 8:10:00 AM,17.0
4/3/2018 8:20:00 AM,17.0
4/3/2018 8:30:00 AM,15.0
4/3/2018 8:40:00 AM,15.0
4/3/2018 8:50:00 AM,15.0
4/3/2018 9:00:00 AM,13.0
4/3/2018 9:10:00 AM,12.0
4/3/2018 9:20:00 AM,14.0
4/3/2018 9:30:00 AM,12.0
4/3/2018 9:40:00 AM,10.0
4/3/2018 9:50:00 AM,4.0
4/3/2018 10:00:00 AM,6.0
4/3/2018 10:10:00 AM,12.0
4/3/2018 10:20:00 AM,13.0
4/3/2018 10:30:00 AM,12.0
4/3/2018 10:40:00 AM,13.0
4/3/2018 10:50:00 AM,11.0
4/3/2018 11:00:00 AM,13.0
4/3/2018 11:10:00 AM,13.0
4/3/2018 11:20:00 AM,13.0
4/3/2018 11:30:00 AM,9.0
4/3/2018 11:40:00 AM,5.0
4/3/2018 11:50:00 AM,7.0
4/3/2018 12:00:00 PM,9.0
4/3/2018 12:10:00 PM,9.0
4/3/2018 12:20:00 PM,7.0
4/3/2018 12:30:00 PM,6.0
4/3/2018 12:40:00 PM,2.0
4/3/2018 12:50:00 PM,6.0
4/3/2018 1:00:00 PM,5.0
4/3/2018 1:10:00 PM,6.0
4/3/2018 1:20:00 PM,6.0
4/3/2018 1:30:00 PM,5.0
4/3/2018 1:40:00 PM,5.0
4/3/2018 1:50:00 PM,5.0
4/3/2018 2:00:00 PM,4.0
4/3/2018 2:10:00 PM,4.0
4/3/2018 2:20:00 PM,3.0
4/3/2018 2:30:00 PM,3.0
4/3/2018 2:40:00 PM,3.0
4/3/2018 2:50:00 PM,3.0
4/3/2018 3:00:00 PM,3.0
4/3/2018 3:10:00 PM,3.0
4/3/2018 3:20:00 PM,3.0
4/3/2018 3:30:00 PM,2.0
4/3/2018 3:40:00 PM,3.0
4/3/2018 3:50:00 PM,3.0
4/3/2018 4:00:00 PM,2.0
4/3/2018 4:10:00 PM,3.0
4/3/2018 4:20:00 PM,3.0
4/3/2018 4:30:00 PM,0.0
4/3/2018 4:40:00 PM,0.0
4/3/2018 4:50:00 PM,0.0
4/3/2018 5:00:00 PM,0.0
4/3/2018 5:10:00 PM,0.0
4/3/2018 5:20:00 PM,0.0
4/3/2018 5:30:00 PM,0.0
4/3/2018 5:40:00 PM,0.0
4/3/2018 5:50:00 PM,0.0
4/3/2018 6:00:00 PM,0.0
4/3/2018 6:10:00 PM,0.0
4/3/2018 6:20:00 PM,0.0
4/3/2018 6:30:00 PM,0.0
4/3/2018 6:40:00 PM,0.0
4/3/2018 6:50:00 PM,0.0
4/3/2018 7:00:00 PM,0.0
4/3/2018 7:10:00 PM,0.0
4/3/2018 7:20:00 PM,0.0
4/3/2018 7:30:00 PM,0.0
4/3/2018 7:40:00 PM,0.0
4/3/2018 7:50:00 PM,0.0
4/3/2018 8:00:00 PM,0.0
4/3/2018 8:10:00 PM,0.0
4/3/2018 8:20:00 PM,0.0
4/3/2018 8:30:00 PM,0.0
4/3/2018 8:40:00 PM,0.0
4/3/2018 8:50:00 PM,0.0
4/3/2018 9:00:00 PM,0.0
4/3/2018 9:10:00 PM,0.0
4/3/2018 9:20:00 PM,0.0
4/3/2018 9:30:00 PM,0.0
4/3/2018 9:40:00 PM,0.0
4/3/2018 9:50:00 PM,0.0
4/3/2018 10:00:00 PM,0.0
4/3/2018 10:10:00 PM,0.0
4/3/2018 10:20:00 PM,0.0
4/3/2018 10:30:00 PM,0.0
4/3/2018 10:40:00 PM,0.0
4/3/2018 10:50:00 PM,0.0
4/3/2018 11:00:00 PM,0.0
4/3/2018 11:10:00 PM,0.0
4/3/2018 11:20:00 PM,0.0
4/3/2018 11:30:00 PM,0.0
4/3/2018 11:40:00 PM,0.0
4/3/2018 11:50:00 PM,0.0
4/4/2018 12:00:00 AM,2.0
4/4/2018 12:10:00 AM,2.0
4/4/2018 12:20:00 AM,2.0
4/4/2018 12:30:00 AM,2.0
4/4/2018 12:40:00 AM,2.0
4/4/2018 12:50:00 AM,2.0
4/4/2018 1:00:00 AM,2.0
4/4/2018 1:10:00 AM,2.0
4/4/2018 1:20:00 AM,2.0
4/4/2018 1:30:00 AM,2.0
4/4/2018 1:40:00 AM,2.0
4/4/2018 1:50:00 AM,2.0
4/4/2018 2:00:00 AM,2.0
4/4/2018 2:10:00 AM,2.0
4/4/2018 2:20:00 AM,2.0
4/4/2018 2:30:00 AM,2.0
4/4/2018 2:40:00 AM,2.0
4/4/2018 2:50:00 AM,2.0
4/4/2018 3:00:00 AM,2.0
4/4/2018 3:10:00 AM,2.0
4/4/2018 3:20:00 AM,2.0
4/4/2018 3:30:00 AM,2.0
4/4/2018 3:40:00 AM,2.0
4/4/2018 3:50:00 AM,2.0
4/4/2018 4:00:00 AM,2.0
4/4/2018 4:10:00 AM,2.0
4/4/2018 4:20:00 AM,2.0
4/4/2018 4:30:00 AM,2.0
4/4/2018 4:40:00 AM,2.0
4/4/2018 4:50:00 AM,2.0
4/4/2018 5:00:00 AM,2.0
4/4/2018 5:10:00 AM,2.0
4/4/2018 5:20:00 AM,3.0
4/4/2018 5:30:00 AM,0.0
4/4/2018 5:40:00 AM,0.0
4/4/2018 5:50:00 AM,0.0
4/4/2018 6:00:00 AM,0.0
4/4/2018 6:10:00 AM,0.0
4/4/2018 6:20:00 AM,0.0
4/4/2018 6:30:00 AM,0.0
4/4/2018 6:40:00 AM,0.0
4/4/2018 6:50:00 AM,0.0
4/4/2018 7:00:00 AM,1.0
4/4/2018 7:10:00 AM,0.0
4/4/2018 7:20:00 AM,0.0
4/4/2018 7:30:00 AM,0.0
4/4/2018 7:40:00 AM,0.0
4/4/2018 7:50:00 AM,0.0
4/4/2018 8:00:00 AM,0.0
4/4/2018 8:10:00 AM,8.0
4/4/2018 8:20:00 AM,10.0
4/4/2018 8:30:00 AM,10.0
4/4/2018 8:40:00 AM,10.0
4/4/2018 8:50:00 AM,6.0
4/4/2018 9:00:00 AM,5.0
4/4/2018 9:10:00 AM,10.0
4/4/2018 9:20:00 AM,10.0
4/4/2018 9:30:00 AM,10.0
4/4/2018 9:40:00 AM,10.0
4/4/2018 9:50:00 AM,11.0
4/4/2018 10:00:00 AM,15.0
4/4/2018 10:10:00 AM,16.0
4/4/2018 10:20:00 AM,17.0
4/4/2018 10:30:00 AM,16.0
4/4/2018 10:40:00 AM,17.0
4/4/2018 10:50:00 AM,16.0
4/4/2018 11:00:00 AM,16.0
4/4/2018 11:10:00 AM,14.0
4/4/2018 11:20:00 AM,17.0
4/4/2018 11:30:00 AM,20.0
4/4/2018 11:40:00 AM,19.0
4/4/2018 11:50:00 AM,23.0
4/4/2018 12:00:00 PM,21.0
4/4/2018 12:10:00 PM,16.0
4/4/2018 12:20:00 PM,18.0
4/4/2018 12:30:00 PM,20.0
4/4/2018 12:40:00 PM,19.0
4/4/2018 12:50:00 PM,19.0
4/4/2018 1:00:00 PM,20.0
4/4/2018 1:10:00 PM,23.0
4/4/2018 1:20:00 PM,18.0
4/4/2018 1:30:00 PM,17.0
4/4/2018 1:40:00 PM,16.0
4/4/2018 1:50:00 PM,8.0
4/4/2018 2:00:00 PM,8.0
4/4/2018 2:10:00 PM,6.0
4/4/2018 2:20:00 PM,7.0
4/4/2018 2:30:00 PM,10.0
4/4/2018 2:40:00 PM,8.0
4/4/2018 2:50:00 PM,7.0
4/4/2018 3:00:00 PM,1.0
4/4/2018 3:10:00 PM,1.0
4/4/2018 3:20:00 PM,1.0
4/4/2018 3:30:00 PM,1.0
4/4/2018 3:40:00 PM,1.0
4/4/2018 3:50:00 PM,1.0
4/4/2018 4:00:00 PM,1.0
4/4/2018 4:10:00 PM,1.0
4/4/2018 4:20:00 PM,1.0
4/4/2018 4:30:00 PM,1.0
4/4/2018 4:40:00 PM,1.0
4/4/2018 4:50:00 PM,1.0
4/4/2018 5:00:00 PM,1.0
4/4/2018 5:10:00 PM,1.0
4/4/2018 5:20:00 PM,1.0
4/4/2018 5:30:00 PM,1.0
4/4/2018 5:40:00 PM,1.0
4/4/2018 5:50:00 PM,1.0
4/4/2018 6:00:00 PM,1.0
4/4/2018 6:10:00 PM,1.0
4/4/2018 6:20:00 PM,1.0
4/4/2018 6:30:00 PM,0.0
4/4/2018 6:40:00 PM,0.0
4/4/2018 6:50:00 PM,0.0
4/4/2018 7:00:00 PM,0.0
4/4/2018 7:10:00 PM,0.0
4/4/2018 7:20:00 PM,0.0
4/4/2018 7:30:00 PM,0.0
4/4/2018 7:40:00 PM,0.0
4/4/2018 7:50:00 PM,0.0
4/4/2018 8:00:00 PM,0.0
4/4/2018 8:10:00 PM,0.0
4/4/2018 8:20:00 PM,0.0
4/4/2018 8:30:00 PM,0.0
4/4/2018 8:40:00 PM,0.0
4/4/2018 8:50:00 PM,0.0
4/4/2018 9:00:00 PM,0.0
4/4/2018 9:10:00 PM,0.0
4/4/2018 9:20:00 PM,0.0
4/4/2018 9:30:00 PM,0.0
4/4/2018 9:40:00 PM,0.0
4/4/2018 9:50:00 PM,0.0
4/4/2018 10:00:00 PM,0.0
4/4/2018 10:10:00 PM,0.0
4/4/2018 10:20:00 PM,0.0
4/4/2018 10:30:00 PM,0.0
4/4/2018 10:40:00 PM,0.0
4/4/2018 10:50:00 PM,0.0
4/4/2018 11:00:00 PM,0.0
4/4/2018 11:10:00 PM,0.0
4/4/2018 11:20:00 PM,0.0
4/4/2018 11:30:00 PM,0.0
4/4/2018 11:40:00 PM,0.0
4/4/2018 11:50:00 PM,0.0
4/5/2018 12:00:00 AM,0.0
4/5/2018 12:10:00 AM,0.0
4/5/2018 12:20:00 AM,0.0
4/5/2018 12:30:00 AM,0.0
4/5/2018 12:40:00 AM,0.0
4/5/2018 12:50:00 AM,0.0
4/5/2018 1:00:00 AM,0.0
4/5/2018 1:10:00 AM,0.0
4/5/2018 1:20:00 AM,0.0
4/5/2018 1:30:00 AM,0.0
4/5/2018 1:40:00 AM,0.0
4/5/2018 1:50:00 AM,0.0
4/5/2018 2:00:00 AM,0.0
4/5/2018 2:10:00 AM,0.0
4/5/2018 2:20:00 AM,0.0
4/5/2018 2:30:00 AM,0.0
4/5/2018 2:40:00 AM,0.0
4/5/2018 2:50:00 AM,0.0
4/5/2018 3:00:00 AM,0.0
4/5/2018 3:10:00 AM,0.0
4/5/2018 3:20:00 AM,0.0
4/5/2018 3:30:00 AM,0.0
4/5/2018 3:40:00 AM,0.0
4/5/2018 3:50:00 AM,0.0
4/5/2018 4:00:00 AM,0.0
4/5/2018 4:10:00 AM,0.0
4/5/2018 4:20:00 AM,0.0
4/5/2018 4:30:00 AM,0.0
4/5/2018 4:40:00 AM,0.0
4/5/2018 4:50:00 AM,0.0
4/5/2018 5:00:00 AM,0.0
4/5/2018 5:10:00 AM,0.0
4/5/2018 5:20:00 AM,3.0
4/5/2018 5:30:00 AM,3.0
4/5/2018 5:40:00 AM,4.0
4/5/2018 5:50:00 AM,5.0
4/5/2018 6:00:00 AM,8.0
4/5/2018 6:10:00 AM,14.0
4/5/2018 6:20:00 AM,18.0
4/5/2018 6:30:00 AM,20.0
4/5/2018 6:40:00 AM,22.0
4/5/2018 6:50:00 AM,16.0
4/5/2018 7:00:00 AM,22.0
4/5/2018 7:10:00 AM,23.0
4/5/2018 7:20:00 AM,23.0
4/5/2018 7:30:00 AM,23.0
4/5/2018 7:40:00 AM,21.0
4/5/2018 7:50:00 AM,21.0
4/5/2018 8:00:00 AM,22.0
4/5/2018 8:10:00 AM,22.0
4/5/2018 8:20:00 AM,19.0
4/5/2018 8:30:00 AM,21.0
4/5/2018 8:40:00 AM,22.0
4/5/2018 8:50:00 AM,20.0
4/5/2018 9:00:00 AM,19.0
4/5/2018 9:10:00 AM,20.0
4/5/2018 9:20:00 AM,22.0
4/5/2018 9:30:00 AM,23.0
4/5/2018 9:40:00 AM,21.0
4/5/2018 9:50:00 AM,22.0
4/5/2018 10:00:00 AM,19.0
4/5/2018 10:10:00 AM,19.0
4/5/2018 10:20:00 AM,21.0
4/5/2018 10:30:00 AM,20.0
4/5/2018 10:40:00 AM,21.0
4/5/2018 10:50:00 AM,21.0
4/5/2018 11:00:00 AM,21.0
4/5/2018 11:10:00 AM,24.0
4/5/2018 11:20:00 AM,22.0
4/5/2018 11:30:00 AM,23.0
4/5/2018 11:40:00 AM,22.0
4/5/2018 11:50:00 AM,24.0
4/5/2018 12:00:00 PM,22.0
4/5/2018 12:10:00 PM,23.0
4/5/2018 12:20:00 PM,24.0
4/5/2018 12:30:00 PM,18.0
4/5/2018 12:40:00 PM,16.0
4/5/2018 12:50:00 PM,19.0
4/5/2018 1:00:00 PM,15.0
4/5/2018 1:10:00 PM,16.0
4/5/2018 1:20:00 PM,16.0
4/5/2018 1:30:00 PM,15.0
4/5/2018 1:40:00 PM,16.0
4/5/2018 1:50:00 PM,15.0
4/5/2018 2:00:00 PM,15.0
4/5/2018 2:10:00 PM,15.0
4/5/2018 2:20:00 PM,13.0
4/5/2018 2:30:00 PM,14.0
4/5/2018 2:40:00 PM,15.0
4/5/2018 2:50:00 PM,15.0
4/5/2018 3:00:00 PM,14.0
4/5/2018 3:10:00 PM,12.0
4/5/2018 3:20:00 PM,13.0
4/5/2018 3:30:00 PM,14.0
4/5/2018 3:40:00 PM,12.0
4/5/2018 3:50:00 PM,13.0
4/5/2018 4:00:00 PM,14.0
4/5/2018 4:10:00 PM,15.0
4/5/2018 4:20:00 PM,15.0
4/5/2018 4:30:00 PM,13.0
4/5/2018 4:40:00 PM,15.0
4/5/2018 4:50:00 PM,15.0
4/5/2018 5:00:00 PM,8.0
4/5/2018 5:10:00 PM,8.0
4/5/2018 5:20:00 PM,8.0
4/5/2018 5:30:00 PM,8.0
4/5/2018 5:40:00 PM,8.0
4/5/2018 5:50:00 PM,6.0
4/5/2018 6:00:00 PM,8.0
4/5/2018 6:10:00 PM,8.0
4/5/2018 6:20:00 PM,9.0
4/5/2018 6:30:00 PM,8.0
4/5/2018 6:40:00 PM,7.0
4/5/2018 6:50:00 PM,8.0
4/5/2018 7:00:00 PM,7.0
4/5/2018 7:10:00 PM,6.0
4/5/2018 7:20:00 PM,5.0
4/5/2018 7:30:00 PM,4.0
4/5/2018 7:40:00 PM,4.0
4/5/2018 7:50:00 PM,4.0
4/5/2018 8:00:00 PM,4.0
4/5/2018 8:10:00 PM,4.0
4/5/2018 8:20:00 PM,4.0
4/5/2018 8:30:00 PM,4.0
4/5/2018 8:40:00 PM,4.0
4/5/2018 8:50:00 PM,4.0
4/5/2018 9:00:00 PM,3.0
4/5/2018 9:10:00 PM,0.0
4/5/2018 9:20:00 PM,0.0
4/5/2018 9:30:00 PM,0.0
4/5/2018 9:40:00 PM,0.0
4/5/2018 9:50:00 PM,0.0
4/5/2018 10:00:00 PM,0.0
4/5/2018 10:10:00 PM,0.0
4/5/2018 10:20:00 PM,0.0
4/5/2018 10:30:00 PM,0.0
4/5/2018 10:40:00 PM,0.0
4/5/2018 10:50:00 PM,0.0
4/5/2018 11:00:00 PM,0.0
4/5/2018 11:10:00 PM,0.0
4/5/2018 11:20:00 PM,0.0
4/5/2018 11:30:00 PM,0.0
4/5/2018 11:40:00 PM,0.0
4/5/2018 11:50:00 PM,0.0
4/6/2018 12:00:00 AM,0.0
4/6/2018 12:10:00 AM,0.0
4/6/2018 12:20:00 AM,0.0
4/6/2018 12:30:00 AM,0.0
4/6/2018 12:40:00 AM,0.0
4/6/2018 12:50:00 AM,0.0
4/6/2018 1:00:00 AM,0.0
4/6/2018 1:10:00 AM,0.0
4/6/2018 1:20:00 AM,0.0
4/6/2018 1:30:00 AM,0.0
4/6/2018 1:40:00 AM,0.0
4/6/2018 1:50:00 AM,0.0
4/6/2018 2:00:00 AM,0.0
4/6/2018 2:10:00 AM,0.0
4/6/2018 2:20:00 AM,0.0
4/6/2018 2:30:00 AM,0.0
4/6/2018 2:40:00 AM,0.0
4/6/2018 2:50:00 AM,0.0
4/6/2018 3:00:00 AM,0.0
4/6/2018 3:10:00 AM,0.0
4/6/2018 3:20:00 AM,0.0
4/6/2018 3:30:00 AM,0.0
4/6/2018 3:40:00 AM,0.0
4/6/2018 3:50:00 AM,0.0
4/6/2018 4:00:00 AM,0.0
4/6/2018 4:10:00 AM,0.0
4/6/2018 4:20:00 AM,0.0
4/6/2018 4:30:00 AM,0.0
4/6/2018 4:40:00 AM,0.0
4/6/2018 4:50:00 AM,0.0
4/6/2018 5:00:00 AM,0.0
4/6/2018 5:10:00 AM,0.0
4/6/2018 5:20:00 AM,0.0
4/6/2018 5:30:00 AM,0.0
4/6/2018 5:40:00 AM,2.0
4/6/2018 5:50:00 AM,2.0
4/6/2018 6:00:00 AM,1.0
4/6/2018 6:10:00 AM,1.0
4/6/2018 6:20:00 AM,1.0
4/6/2018 6:30:00 AM,1.0
4/6/2018 6:40:00 AM,1.0
4/6/2018 6:50:00 AM,1.0
4/6/2018 7:00:00 AM,1.0
4/6/2018 7:10:00 AM,1.0
4/6/2018 7:20:00 AM,1.0
4/6/2018 7:30:00 AM,1.0
4/6/2018 7:40:00 AM,1.0
4/6/2018 7:50:00 AM,4.0
4/6/2018 8:00:00 AM,6.0
4/6/2018 8:10:00 AM,6.0
4/6/2018 8:20:00 AM,8.0
4/6/2018 8:30:00 AM,8.0
4/6/2018 8:40:00 AM,8.0
4/6/2018 8:50:00 AM,9.0
4/6/2018 9:00:00 AM,9.0
4/6/2018 9:10:00 AM,9.0
4/6/2018 9:20:00 AM,9.0
4/6/2018 9:30:00 AM,9.0
4/6/2018 9:40:00 AM,9.0
4/6/2018 9:50:00 AM,8.0
4/6/2018 10:00:00 AM,14.0
4/6/2018 10:10:00 AM,14.0
4/6/2018 10:20:00 AM,15.0
4/6/2018 10:30:00 AM,14.0
4/6/2018 10:40:00 AM,17.0
4/6/2018 10:50:00 AM,17.0
4/6/2018 11:00:00 AM,15.0
4/6/2018 11:10:00 AM,17.0
4/6/2018 11:20:00 AM,16.0
4/6/2018 11:30:00 AM,16.0
4/6/2018 11:40:00 AM,16.0
4/6/2018 11:50:00 AM,13.0
4/6/2018 12:00:00 PM,12.0
4/6/2018 12:10:00 PM,12.0
4/6/2018 12:20:00 PM,6.0
4/6/2018 12:30:00 PM,5.0
4/6/2018 12:40:00 PM,5.0
4/6/2018 12:50:00 PM,5.0
4/6/2018 1:00:00 PM,5.0
4/6/2018 1:10:00 PM,5.0
4/6/2018 1:20:00 PM,5.0
4/6/2018 1:30:00 PM,5.0
4/6/2018 1:40:00 PM,5.0
4/6/2018 1:50:00 PM,0.0
4/6/2018 2:00:00 PM,0.0
4/6/2018 2:10:00 PM,0.0
4/6/2018 2:20:00 PM,0.0
4/6/2018 2:30:00 PM,0.0
4/6/2018 2:40:00 PM,0.0
4/6/2018 2:50:00 PM,0.0
4/6/2018 3:00:00 PM,0.0
4/6/2018 3:10:00 PM,0.0
4/6/2018 3:20:00 PM,0.0
4/6/2018 3:30:00 PM,0.0
4/6/2018 3:40:00 PM,0.0
4/6/2018 3:50:00 PM,0.0
4/6/2018 4:00:00 PM,0.0
4/6/2018 4:10:00 PM,0.0
4/6/2018 4:20:00 PM,0.0
4/6/2018 4:30:00 PM,0.0
4/6/2018 4:40:00 PM,0.0
4/6/2018 4:50:00 PM,0.0
4/6/2018 5:00:00 PM,0.0
4/6/2018 5:10:00 PM,0.0
4/6/2018 5:20:00 PM,0.0
4/6/2018 5:30:00 PM,0.0
4/6/2018 5:40:00 PM,0.0
4/6/2018 5:50:00 PM,0.0
4/6/2018 6:00:00 PM,0.0
4/6/2018 6:10:00 PM,0.0
4/6/2018 6:20:00 PM,0.0
4/6/2018 6:30:00 PM,0.0
4/6/2018 6:40:00 PM,0.0
4/6/2018 6:50:00 PM,0.0
4/6/2018 7:00:00 PM,0.0
4/6/2018 7:10:00 PM,0.0
4/6/2018 7:20:00 PM,0.0
4/6/2018 7:30:00 PM,0.0
4/6/2018 7:40:00 PM,0.0
4/6/2018 7:50:00 PM,0.0
4/6/2018 8:00:00 PM,0.0
4/6/2018 8:10:00 PM,0.0
4/6/2018 8:20:00 PM,0.0
4/6/2018 8:30:00 PM,0.0
4/6/2018 8:40:00 PM,0.0
4/6/2018 8:50:00 PM,0.0
4/6/2018 9:00:00 PM,0.0
4/6/2018 9:10:00 PM,0.0
4/6/2018 9:20:00 PM,0.0
4/6/2018 9:30:00 PM,0.0
4/6/2018 9:40:00 PM,0.0
4/6/2018 9:50:00 PM,0.0
4/6/2018 10:00:00 PM,0.0
4/6/2018 10:10:00 PM,0.0
4/6/2018 10:20:00 PM,0.0
4/6/2018 10:30:00 PM,0.0
4/6/2018 10:40:00 PM,0.0
4/6/2018 10:50:00 PM,0.0
4/6/2018 11:00:00 PM,0.0
4/6/2018 11:10:00 PM,0.0
4/6/2018 11:20:00 PM,0.0
4/6/2018 11:30:00 PM,0.0
4/6/2018 11:40:00 PM,0.0
4/6/2018 11:50:00 PM,0.0
4/7/2018 12:00:00 AM,0.0
4/7/2018 12:10:00 AM,0.0
4/7/2018 12:20:00 AM,0.0
4/7/2018 12:30:00 AM,0.0
4/7/2018 12:40:00 AM,0.0
4/7/2018 12:50:00 AM,0.0
4/7/2018 1:00:00 AM,0.0
4/7/2018 1:10:00 AM,0.0
4/7/2018 1:20:00 AM,0.0
4/7/2018 1:30:00 AM,0.0
4/7/2018 1:40:00 AM,0.0
4/7/2018 1:50:00 AM,0.0
4/7/2018 2:00:00 AM,0.0
4/7/2018 2:10:00 AM,0.0
4/7/2018 2:20:00 AM,0.0
4/7/2018 2:30:00 AM,0.0
4/7/2018 2:40:00 AM,0.0
4/7/2018 2:50:00 AM,0.0
4/7/2018 3:00:00 AM,0.0
4/7/2018 3:10:00 AM,0.0
4/7/2018 3:20:00 AM,0.0
4/7/2018 3:30:00 AM,0.0
4/7/2018 3:40:00 AM,0.0
4/7/2018 3:50:00 AM,0.0
4/7/2018 4:00:00 AM,0.0
4/7/2018 4:10:00 AM,0.0
4/7/2018 4:20:00 AM,0.0
4/7/2018 4:30:00 AM,0.0
4/7/2018 4:40:00 AM,0.0
4/7/2018 4:50:00 AM,0.0
4/7/2018 5:00:00 AM,0.0
4/7/2018 5:10:00 AM,0.0
4/7/2018 5:20:00 AM,0.0
4/7/2018 5:30:00 AM,0.0
4/7/2018 5:40:00 AM,0.0
4/7/2018 5:50:00 AM,0.0
4/7/2018 6:00:00 AM,0.0
4/7/2018 6:10:00 AM,0.0
4/7/2018 6:20:00 AM,0.0
4/7/2018 6:30:00 AM,0.0
4/7/2018 6:40:00 AM,0.0
4/7/2018 6:50:00 AM,0.0
4/7/2018 7:00:00 AM,0.0
4/7/2018 7:10:00 AM,0.0
4/7/2018 7:20:00 AM,0.0
4/7/2018 7:30:00 AM,0.0
4/7/2018 7:40:00 AM,0.0
4/7/2018 7:50:00 AM,0.0
4/7/2018 8:00:00 AM,0.0
4/7/2018 8:10:00 AM,0.0
4/7/2018 8:20:00 AM,0.0
4/7/2018 8:30:00 AM,0.0
4/7/2018 8:40:00 AM,0.0
4/7/2018 8:50:00 AM,0.0
4/7/2018 9:00:00 AM,0.0
4/7/2018 9:10:00 AM,0.0
4/7/2018 9:20:00 AM,0.0
4/7/2018 9:30:00 AM,0.0
4/7/2018 9:40:00 AM,0.0
4/7/2018 9:50:00 AM,0.0
4/7/2018 10:00:00 AM,0.0
4/7/2018 10:10:00 AM,0.0
4/7/2018 10:20:00 AM,0.0
4/7/2018 10:30:00 AM,0.0
4/7/2018 10:40:00 AM,0.0
4/7/2018 10:50:00 AM,0.0
4/7/2018 11:00:00 AM,0.0
4/7/2018 11:10:00 AM,0.0
4/7/2018 11:20:00 AM,0.0
4/7/2018 11:30:00 AM,0.0
4/7/2018 11:40:00 AM,0.0
4/7/2018 11:50:00 AM,0.0
4/7/2018 12:00:00 PM,0.0
4/7/2018 12:10:00 PM,0.0
4/7/2018 12:20:00 PM,0.0
4/7/2018 12:30:00 PM,0.0
4/7/2018 12:40:00 PM,0.0
4/7/2018 12:50:00 PM,0.0
4/7/2018 1:00:00 PM,0.0
4/7/2018 1:10:00 PM,0.0
4/7/2018 1:20:00 PM,0.0
4/7/2018 1:30:00 PM,0.0
4/7/2018 1:40:00 PM,0.0
4/7/2018 1:50:00 PM,0.0
4/7/2018 2:00:00 PM,0.0
4/7/2018 2:10:00 PM,0.0
4/7/2018 2:20:00 PM,0.0
4/7/2018 2:30:00 PM,0.0
4/7/2018 2:40:00 PM,0.0
4/7/2018 2:50:00 PM,0.0
4/7/2018 3:00:00 PM,0.0
4/7/2018 3:10:00 PM,0.0
4/7/2018 3:20:00 PM,0.0
4/7/2018 3:30:00 PM,0.0
4/7/2018 3:40:00 PM,0.0
4/7/2018 3:50:00 PM,0.0
4/7/2018 4:00:00 PM,0.0
4/7/2018 4:10:00 PM,0.0
4/7/2018 4:20:00 PM,0.0
4/7/2018 4:30:00 PM,0.0
4/7/2018 4:40:00 PM,0.0
4/7/2018 4:50:00 PM,0.0
4/7/2018 5:00:00 PM,0.0
4/7/2018 5:10:00 PM,0.0
4/7/2018 5:20:00 PM,1.0
4/7/2018 5:30:00 PM,0.0
4/7/2018 5:40:00 PM,0.0
4/7/2018 5:50:00 PM,0.0
4/7/2018 6:00:00 PM,0.0
4/7/2018 6:10:00 PM,0.0
4/7/2018 6:20:00 PM,0.0
4/7/2018 6:30:00 PM,0.0
4/7/2018 6:40:00 PM,0.0
4/7/2018 6:50:00 PM,0.0
4/7/2018 7:00:00 PM,0.0
4/7/2018 7:10:00 PM,0.0
4/7/2018 7:20:00 PM,0.0
4/7/2018 7:30:00 PM,0.0
4/7/2018 7:40:00 PM,0.0
4/7/2018 7:50:00 PM,0.0
4/7/2018 8:00:00 PM,0.0
4/7/2018 8:10:00 PM,0.0
4/7/2018 8:20:00 PM,0.0
4/7/2018 8:30:00 PM,0.0
4/7/2018 8:40:00 PM,0.0
4/7/2018 8:50:00 PM,0.0
4/7/2018 9:00:00 PM,0.0
4/7/2018 9:10:00 PM,0.0
4/7/2018 9:20:00 PM,0.0
4/7/2018 9:30:00 PM,0.0
4/7/2018 9:40:00 PM,0.0
4/7/2018 9:50:00 PM,0.0
4/7/2018 10:00:00 PM,0.0
4/7/2018 10:10:00 PM,0.0
4/7/2018 10:20:00 PM,0.0
4/7/2018 10:30:00 PM,0.0
4/7/2018 10:40:00 PM,0.0
4/7/2018 10:50:00 PM,0.0
4/7/2018 11:00:00 PM,0.0
4/7/2018 11:10:00 PM,0.0
4/7/2018 11:20:00 PM,0.0
4/7/2018 11:30:00 PM,0.0
4/7/2018 11:40:00 PM,0.0
4/7/2018 11:50:00 PM,0.0
4/8/2018 12:00:00 AM,0.0
4/8/2018 12:10:00 AM,0.0
4/8/2018 12:20:00 AM,0.0
4/8/2018 12:30:00 AM,0.0
4/8/2018 12:40:00 AM,0.0
4/8/2018 12:50:00 AM,0.0
4/8/2018 1:00:00 AM,0.0
4/8/2018 1:10:00 AM,0.0
4/8/2018 1:20:00 AM,0.0
4/8/2018 1:30:00 AM,0.0
4/8/2018 1:40:00 AM,0.0
4/8/2018 1:50:00 AM,0.0
4/8/2018 2:00:00 AM,0.0
4/8/2018 2:10:00 AM,0.0
4/8/2018 2:20:00 AM,0.0
4/8/2018 2:30:00 AM,0.0
4/8/2018 2:40:00 AM,0.0
4/8/2018 2:50:00 AM,0.0
4/8/2018 3:00:00 AM,0.0
4/8/2018 3:10:00 AM,0.0
4/8/2018 3:20:00 AM,0.0
4/8/2018 3:30:00 AM,0.0
4/8/2018 3:40:00 AM,0.0
4/8/2018 3:50:00 AM,0.0
4/8/2018 4:00:00 AM,0.0
4/8/2018 4:10:00 AM,0.0
4/8/2018 4:20:00 AM,0.0
4/8/2018 4:30:00 AM,0.0
4/8/2018 4:40:00 AM,0.0
4/8/2018 4:50:00 AM,0.0
4/8/2018 5:00:00 AM,0.0
4/8/2018 5:10:00 AM,0.0
4/8/2018 5:20:00 AM,0.0
4/8/2018 5:30:00 AM,0.0
4/8/2018 5:40:00 AM,0.0
4/8/2018 5:50:00 AM,0.0
4/8/2018 6:00:00 AM,0.0
4/8/2018 6:10:00 AM,0.0
4/8/2018 6:20:00 AM,0.0
4/8/2018 6:30:00 AM,0.0
4/8/2018 6:40:00 AM,0.0
4/8/2018 6:50:00 AM,0.0
4/8/2018 7:00:00 AM,0.0
4/8/2018 7:10:00 AM,0.0
4/8/2018 7:20:00 AM,0.0
4/8/2018 7:30:00 AM,0.0
4/8/2018 7:40:00 AM,0.0
4/8/2018 7:50:00 AM,0.0
4/8/2018 8:00:00 AM,0.0
4/8/2018 8:10:00 AM,1.0
4/8/2018 8:20:00 AM,0.0
4/8/2018 8:30:00 AM,1.0
4/8/2018 8:40:00 AM,1.0
4/8/2018 8:50:00 AM,1.0
4/8/2018 9:00:00 AM,1.0
4/8/2018 9:10:00 AM,1.0
4/8/2018 9:20:00 AM,1.0
4/8/2018 9:30:00 AM,1.0
4/8/2018 9:40:00 AM,1.0
4/8/2018 9:50:00 AM,0.0
4/8/2018 10:00:00 AM,1.0
4/8/2018 10:10:00 AM,1.0
4/8/2018 10:20:00 AM,1.0
4/8/2018 10:30:00 AM,1.0
4/8/2018 10:40:00 AM,1.0
4/8/2018 10:50:00 AM,1.0
4/8/2018 11:00:00 AM,1.0
4/8/2018 11:10:00 AM,0.0
4/8/2018 11:20:00 AM,0.0
4/8/2018 11:30:00 AM,1.0
4/8/2018 11:40:00 AM,1.0
4/8/2018 11:50:00 AM,1.0
4/8/2018 12:00:00 PM,1.0
4/8/2018 12:10:00 PM,1.0
4/8/2018 12:20:00 PM,1.0
4/8/2018 12:30:00 PM,1.0
4/8/2018 12:40:00 PM,1.0
4/8/2018 12:50:00 PM,0.0
4/8/2018 1:00:00 PM,0.0
4/8/2018 1:10:00 PM,0.0
4/8/2018 1:20:00 PM,0.0
4/8/2018 1:30:00 PM,0.0
4/8/2018 1:40:00 PM,0.0
4/8/2018 1:50:00 PM,0.0
4/8/2018 2:00:00 PM,0.0
4/8/2018 2:10:00 PM,0.0
4/8/2018 2:20:00 PM,0.0
4/8/2018 2:30:00 PM,0.0
4/8/2018 2:40:00 PM,0.0
4/8/2018 2:50:00 PM,0.0
4/8/2018 3:00:00 PM,0.0
4/8/2018 3:10:00 PM,0.0
4/8/2018 3:20:00 PM,0.0
4/8/2018 3:30:00 PM,0.0
4/8/2018 3:40:00 PM,0.0
4/8/2018 3:50:00 PM,0.0
4/8/2018 4:00:00 PM,0.0
4/8/2018 4:10:00 PM,0.0
4/8/2018 4:20:00 PM,0.0
4/8/2018 4:30:00 PM,0.0
4/8/2018 4:40:00 PM,0.0
4/8/2018 4:50:00 PM,0.0
4/8/2018 5:00:00 PM,0.0
4/8/2018 5:10:00 PM,0.0
4/8/2018 5:20:00 PM,0.0
4/8/2018 5:30:00 PM,0.0
4/8/2018 5:40:00 PM,0.0
4/8/2018 5:50:00 PM,0.0
4/8/2018 6:00:00 PM,0.0
4/8/2018 6:10:00 PM,0.0
4/8/2018 6:20:00 PM,0.0
4/8/2018 6:30:00 PM,0.0
4/8/2018 6:40:00 PM,0.0
4/8/2018 6:50:00 PM,0.0
4/8/2018 7:00:00 PM,0.0
4/8/2018 7:10:00 PM,0.0
4/8/2018 7:20:00 PM,0.0
4/8/2018 7:30:00 PM,0.0
4/8/2018 7:40:00 PM,0.0
4/8/2018 7:50:00 PM,0.0
4/8/2018 8:00:00 PM,0.0
4/8/2018 8:10:00 PM,0.0
4/8/2018 8:20:00 PM,0.0
4/8/2018 8:30:00 PM,0.0
4/8/2018 8:40:00 PM,0.0
4/8/2018 8:50:00 PM,0.0
4/8/2018 9:00:00 PM,0.0
4/8/2018 9:10:00 PM,0.0
4/8/2018 9:20:00 PM,0.0
4/8/2018 9:30:00 PM,0.0
4/8/2018 9:40:00 PM,0.0
4/8/2018 9:50:00 PM,0.0
4/8/2018 10:00:00 PM,0.0
4/8/2018 10:10:00 PM,0.0
4/8/2018 10:20:00 PM,0.0
4/8/2018 10:30:00 PM,0.0
4/8/2018 10:40:00 PM,0.0
4/8/2018 10:50:00 PM,0.0
4/8/2018 11:00:00 PM,0.0
4/8/2018 11:10:00 PM,0.0
4/8/2018 11:20:00 PM,0.0
4/8/2018 11:30:00 PM,0.0
4/8/2018 11:40:00 PM,0.0
4/8/2018 11:50:00 PM,0.0
4/9/2018 12:00:00 AM,0.0
4/9/2018 12:10:00 AM,0.0
4/9/2018 12:20:00 AM,0.0
4/9/2018 12:30:00 AM,0.0
4/9/2018 12:40:00 AM,0.0
4/9/2018 12:50:00 AM,0.0
4/9/2018 1:00:00 AM,0.0
4/9/2018 1:10:00 AM,0.0
4/9/2018 1:20:00 AM,0.0
4/9/2018 1:30:00 AM,0.0
4/9/2018 1:40:00 AM,0.0
4/9/2018 1:50:00 AM,0.0
4/9/2018 2:00:00 AM,0.0
4/9/2018 2:10:00 AM,0.0
4/9/2018 2:20:00 AM,0.0
4/9/2018 2:30:00 AM,0.0
4/9/2018 2:40:00 AM,0.0
4/9/2018 2:50:00 AM,0.0
4/9/2018 3:00:00 AM,0.0
4/9/2018 3:10:00 AM,0.0
4/9/2018 3:20:00 AM,0.0
4/9/2018 3:30:00 AM,0.0
4/9/2018 3:40:00 AM,0.0
4/9/2018 3:50:00 AM,0.0
4/9/2018 4:00:00 AM,0.0
4/9/2018 4:10:00 AM,0.0
4/9/2018 4:20:00 AM,0.0
4/9/2018 4:30:00 AM,0.0
4/9/2018 4:40:00 AM,0.0
4/9/2018 4:50:00 AM,0.0
4/9/2018 5:00:00 AM,0.0
4/9/2018 5:10:00 AM,0.0
4/9/2018 5:20:00 AM,2.0
4/9/2018 5:30:00 AM,3.0
4/9/2018 5:40:00 AM,3.0
4/9/2018 5:50:00 AM,3.0
4/9/2018 6:00:00 AM,5.0
4/9/2018 6:10:00 AM,7.0
4/9/2018 6:20:00 AM,9.0
4/9/2018 6:30:00 AM,9.0
4/9/2018 6:40:00 AM,9.0
4/9/2018 6:50:00 AM,9.0
4/9/2018 7:00:00 AM,9.0
4/9/2018 7:10:00 AM,9.0
4/9/2018 7:20:00 AM,9.0
4/9/2018 7:30:00 AM,10.0
4/9/2018 7:40:00 AM,11.0
4/9/2018 7:50:00 AM,11.0
4/9/2018 8:00:00 AM,11.0
4/9/2018 8:10:00 AM,8.0
4/9/2018 8:20:00 AM,9.0
4/9/2018 8:30:00 AM,9.0
4/9/2018 8:40:00 AM,9.0
4/9/2018 8:50:00 AM,9.0
4/9/2018 9:00:00 AM,6.0
4/9/2018 9:10:00 AM,7.0
4/9/2018 9:20:00 AM,8.0
4/9/2018 9:30:00 AM,7.0
4/9/2018 9:40:00 AM,9.0
4/9/2018 9:50:00 AM,9.0
4/9/2018 10:00:00 AM,3.0
4/9/2018 10:10:00 AM,5.0
4/9/2018 10:20:00 AM,8.0
4/9/2018 10:30:00 AM,8.0
4/9/2018 10:40:00 AM,8.0
4/9/2018 10:50:00 AM,8.0
4/9/2018 11:00:00 AM,7.0
4/9/2018 11:10:00 AM,7.0
4/9/2018 11:20:00 AM,7.0
4/9/2018 11:30:00 AM,7.0
4/9/2018 11:40:00 AM,4.0
4/9/2018 11:50:00 AM,3.0
4/9/2018 12:00:00 PM,3.0
4/9/2018 12:10:00 PM,2.0
4/9/2018 12:20:00 PM,1.0
4/9/2018 12:30:00 PM,2.0
4/9/2018 12:40:00 PM,2.0
4/9/2018 12:50:00 PM,1.0
4/9/2018 1:00:00 PM,1.0
4/9/2018 1:10:00 PM,1.0
4/9/2018 1:20:00 PM,1.0
4/9/2018 1:30:00 PM,2.0
4/9/2018 1:40:00 PM,3.0
4/9/2018 1:50:00 PM,3.0
4/9/2018 2:00:00 PM,3.0
4/9/2018 2:10:00 PM,3.0
4/9/2018 2:20:00 PM,3.0
4/9/2018 2:30:00 PM,3.0
4/9/2018 2:40:00 PM,0.0
4/9/2018 2:50:00 PM,0.0
4/9/2018 3:00:00 PM,0.0
4/9/2018 3:10:00 PM,0.0
4/9/2018 3:20:00 PM,0.0
4/9/2018 3:30:00 PM,0.0
4/9/2018 3:40:00 PM,0.0
4/9/2018 3:50:00 PM,0.0
4/9/2018 4:00:00 PM,0.0
4/9/2018 4:10:00 PM,0.0
4/9/2018 4:20:00 PM,0.0
4/9/2018 4:30:00 PM,0.0
4/9/2018 4:40:00 PM,0.0
4/9/2018 4:50:00 PM,0.0
4/9/2018 5:00:00 PM,0.0
4/9/2018 5:10:00 PM,0.0
4/9/2018 5:20:00 PM,0.0
4/9/2018 5:30:00 PM,0.0
4/9/2018 5:40:00 PM,0.0
4/9/2018 5:50:00 PM,0.0
4/9/2018 6:00:00 PM,0.0
4/9/2018 6:10:00 PM,0.0
4/9/2018 6:20:00 PM,0.0
4/9/2018 6:30:00 PM,0.0
4/9/2018 6:40:00 PM,0.0
4/9/2018 6:50:00 PM,0.0
4/9/2018 7:00:00 PM,0.0
4/9/2018 7:10:00 PM,0.0
4/9/2018 7:20:00 PM,0.0
4/9/2018 7:30:00 PM,0.0
4/9/2018 7:40:00 PM,0.0
4/9/2018 7:50:00 PM,0.0
4/9/2018 8:00:00 PM,0.0
4/9/2018 8:10:00 PM,0.0
4/9/2018 8:20:00 PM,0.0
4/9/2018 8:30:00 PM,0.0
4/9/2018 8:40:00 PM,0.0
4/9/2018 8:50:00 PM,0.0
4/9/2018 9:00:00 PM,0.0
4/9/2018 9:10:00 PM,0.0
4/9/2018 9:20:00 PM,0.0
4/9/2018 9:30:00 PM,0.0
4/9/2018 9:40:00 PM,0.0
4/9/2018 9:50:00 PM,0.0
4/9/2018 10:00:00 PM,0.0
4/9/2018 10:10:00 PM,0.0
4/9/2018 10:20:00 PM,0.0
4/9/2018 10:30:00 PM,0.0
4/9/2018 10:40:00 PM,0.0
4/9/2018 10:50:00 PM,0.0
4/9/2018 11:00:00 PM,0.0
4/9/2018 11:10:00 PM,0.0
4/9/2018 11:20:00 PM,0.0
4/9/2018 11:30:00 PM,0.0
4/9/2018 11:40:00 PM,0.0
4/9/2018 11:50:00 PM,0.0
4/10/2018 12:00:00 AM,0.0
4/10/2018 12:10:00 AM,0.0
4/10/2018 12:20:00 AM,1.0
4/10/2018 12:30:00 AM,1.0
4/10/2018 12:40:00 AM,1.0
4/10/2018 12:50:00 AM,1.0
4/10/2018 1:00:00 AM,1.0
4/10/2018 1:10:00 AM,1.0
4/10/2018 1:20:00 AM,1.0
4/10/2018 1:30:00 AM,1.0
4/10/2018 1:40:00 AM,1.0
4/10/2018 1:50:00 AM,1.0
4/10/2018 2:00:00 AM,1.0
4/10/2018 2:10:00 AM,1.0
4/10/2018 2:20:00 AM,1.0
4/10/2018 2:30:00 AM,1.0
4/10/2018 2:40:00 AM,1.0
4/10/2018 2:50:00 AM,1.0
4/10/2018 3:00:00 AM,1.0
4/10/2018 3:10:00 AM,1.0
4/10/2018 3:20:00 AM,1.0
4/10/2018 3:30:00 AM,1.0
4/10/2018 3:40:00 AM,1.0
4/10/2018 3:50:00 AM,1.0
4/10/2018 4:00:00 AM,1.0
4/10/2018 4:10:00 AM,1.0
4/10/2018 4:20:00 AM,1.0
4/10/2018 4:30:00 AM,1.0
4/10/2018 4:40:00 AM,1.0
4/10/2018 4:50:00 AM,1.0
4/10/2018 5:00:00 AM,1.0
4/10/2018 5:10:00 AM,1.0
4/10/2018 5:20:00 AM,1.0
4/10/2018 5:30:00 AM,1.0
4/10/2018 5:40:00 AM,1.0
4/10/2018 5:50:00 AM,0.0
4/10/2018 6:00:00 AM,0.0
4/10/2018 6:10:00 AM,3.0
4/10/2018 6:20:00 AM,4.0
4/10/2018 6:30:00 AM,10.0
4/10/2018 6:40:00 AM,11.0
4/10/2018 6:50:00 AM,12.0
4/10/2018 7:00:00 AM,11.0
4/10/2018 7:10:00 AM,6.0
4/10/2018 7:20:00 AM,8.0
4/10/2018 7:30:00 AM,8.0
4/10/2018 7:40:00 AM,8.0
4/10/2018 7:50:00 AM,10.0
4/10/2018 8:00:00 AM,14.0
4/10/2018 8:10:00 AM,14.0
4/10/2018 8:20:00 AM,14.0
4/10/2018 8:30:00 AM,14.0
4/10/2018 8:40:00 AM,14.0
4/10/2018 8:50:00 AM,13.0
4/10/2018 9:00:00 AM,13.0
4/10/2018 9:10:00 AM,13.0
4/10/2018 9:20:00 AM,20.0
4/10/2018 9:30:00 AM,17.0
4/10/2018 9:40:00 AM,16.0
4/10/2018 9:50:00 AM,23.0
4/10/2018 10:00:00 AM,30.0
4/10/2018 10:10:00 AM,27.0
4/10/2018 10:20:00 AM,27.0
4/10/2018 10:30:00 AM,27.0
4/10/2018 10:40:00 AM,22.0
4/10/2018 10:50:00 AM,23.0
4/10/2018 11:00:00 AM,20.0
4/10/2018 11:10:00 AM,17.0
4/10/2018 11:20:00 AM,18.0
4/10/2018 11:30:00 AM,19.0
4/10/2018 11:40:00 AM,20.0
4/10/2018 11:50:00 AM,17.0
4/10/2018 12:00:00 PM,15.0
4/10/2018 12:10:00 PM,19.0
4/10/2018 12:20:00 PM,22.0
4/10/2018 12:30:00 PM,21.0
4/10/2018 12:40:00 PM,21.0
4/10/2018 12:50:00 PM,22.0
4/10/2018 1:00:00 PM,21.0
4/10/2018 1:10:00 PM,22.0
4/10/2018 1:20:00 PM,16.0
4/10/2018 1:30:00 PM,16.0
4/10/2018 1:40:00 PM,15.0
4/10/2018 1:50:00 PM,9.0
4/10/2018 2:00:00 PM,3.0
4/10/2018 2:10:00 PM,3.0
4/10/2018 2:20:00 PM,3.0
4/10/2018 2:30:00 PM,3.0
4/10/2018 2:40:00 PM,3.0
4/10/2018 2:50:00 PM,3.0
4/10/2018 3:00:00 PM,2.0
4/10/2018 3:10:00 PM,2.0
4/10/2018 3:20:00 PM,2.0
4/10/2018 3:30:00 PM,2.0
4/10/2018 3:40:00 PM,2.0
4/10/2018 3:50:00 PM,2.0
4/10/2018 4:00:00 PM,2.0
4/10/2018 4:10:00 PM,2.0
4/10/2018 4:20:00 PM,2.0
4/10/2018 4:30:00 PM,2.0
4/10/2018 4:40:00 PM,2.0
4/10/2018 4:50:00 PM,2.0
4/10/2018 5:00:00 PM,2.0
4/10/2018 5:10:00 PM,2.0
4/10/2018 5:20:00 PM,1.0
4/10/2018 5:30:00 PM,2.0
4/10/2018 5:40:00 PM,2.0
4/10/2018 5:50:00 PM,2.0
4/10/2018 6:00:00 PM,2.0
4/10/2018 6:10:00 PM,2.0
4/10/2018 6:20:00 PM,2.0
4/10/2018 6:30:00 PM,2.0
4/10/2018 6:40:00 PM,2.0
4/10/2018 6:50:00 PM,2.0
4/10/2018 7:00:00 PM,2.0
4/10/2018 7:10:00 PM,0.0
4/10/2018 7:20:00 PM,0.0
4/10/2018 7:30:00 PM,0.0
4/10/2018 7:40:00 PM,0.0
4/10/2018 7:50:00 PM,0.0
4/10/2018 8:00:00 PM,0.0
4/10/2018 8:10:00 PM,0.0
4/10/2018 8:20:00 PM,0.0
4/10/2018 8:30:00 PM,0.0
4/10/2018 8:40:00 PM,0.0
4/10/2018 8:50:00 PM,0.0
4/10/2018 9:00:00 PM,0.0
4/10/2018 9:10:00 PM,0.0
4/10/2018 9:20:00 PM,0.0
4/10/2018 9:30:00 PM,0.0
4/10/2018 9:40:00 PM,0.0
4/10/2018 9:50:00 PM,0.0
4/10/2018 10:00:00 PM,0.0
4/10/2018 10:10:00 PM,0.0
4/10/2018 10:20:00 PM,0.0
4/10/2018 10:30:00 PM,0.0
4/10/2018 10:40:00 PM,0.0
4/10/2018 10:50:00 PM,0.0
4/10/2018 11:00:00 PM,0.0
4/10/2018 11:10:00 PM,0.0
4/10/2018 11:20:00 PM,0.0
4/10/2018 11:30:00 PM,0.0
4/10/2018 11:40:00 PM,0.0
4/10/2018 11:50:00 PM,0.0
4/11/2018 12:00:00 AM,2.0
4/11/2018 12:10:00 AM,2.0
4/11/2018 12:20:00 AM,2.0
4/11/2018 12:30:00 AM,2.0
4/11/2018 12:40:00 AM,2.0
4/11/2018 12:50:00 AM,2.0
4/11/2018 1:00:00 AM,2.0
4/11/2018 1:10:00 AM,2.0
4/11/2018 1:20:00 AM,2.0
4/11/2018 1:30:00 AM,2.0
4/11/2018 1:40:00 AM,2.0
4/11/2018 1:50:00 AM,2.0
4/11/2018 2:00:00 AM,2.0
4/11/2018 2:10:00 AM,2.0
4/11/2018 2:20:00 AM,2.0
4/11/2018 2:30:00 AM,2.0
4/11/2018 2:40:00 AM,2.0
4/11/2018 2:50:00 AM,2.0
4/11/2018 3:00:00 AM,2.0
4/11/2018 3:10:00 AM,2.0
4/11/2018 3:20:00 AM,2.0
4/11/2018 3:30:00 AM,2.0
4/11/2018 3:40:00 AM,2.0
4/11/2018 3:50:00 AM,2.0
4/11/2018 4:00:00 AM,2.0
4/11/2018 4:10:00 AM,2.0
4/11/2018 4:20:00 AM,2.0
4/11/2018 4:30:00 AM,2.0
4/11/2018 4:40:00 AM,2.0
4/11/2018 4:50:00 AM,2.0
4/11/2018 5:00:00 AM,2.0
4/11/2018 5:10:00 AM,2.0
4/11/2018 5:20:00 AM,3.0
4/11/2018 5:30:00 AM,0.0
4/11/2018 5:40:00 AM,0.0
4/11/2018 5:50:00 AM,0.0
4/11/2018 6:00:00 AM,2.0
4/11/2018 6:10:00 AM,2.0
4/11/2018 6:20:00 AM,7.0
4/11/2018 6:30:00 AM,8.0
4/11/2018 6:40:00 AM,11.0
4/11/2018 6:50:00 AM,15.0
4/11/2018 7:00:00 AM,14.0
4/11/2018 7:10:00 AM,13.0
4/11/2018 7:20:00 AM,12.0
4/11/2018 7:30:00 AM,14.0
4/11/2018 7:40:00 AM,13.0
4/11/2018 7:50:00 AM,12.0
4/11/2018 8:00:00 AM,15.0
4/11/2018 8:10:00 AM,16.0
4/11/2018 8:20:00 AM,17.0
4/11/2018 8:30:00 AM,18.0
4/11/2018 8:40:00 AM,20.0
4/11/2018 8:50:00 AM,22.0
4/11/2018 9:00:00 AM,20.0
4/11/2018 9:10:00 AM,16.0
4/11/2018 9:20:00 AM,20.0
4/11/2018 9:30:00 AM,20.0
4/11/2018 9:40:00 AM,14.0
4/11/2018 9:50:00 AM,20.0
4/11/2018 10:00:00 AM,12.0
4/11/2018 10:10:00 AM,10.0
4/11/2018 10:20:00 AM,10.0
4/11/2018 10:30:00 AM,9.0
4/11/2018 10:40:00 AM,9.0
4/11/2018 10:50:00 AM,9.0
4/11/2018 11:00:00 AM,9.0
4/11/2018 11:10:00 AM,4.0
4/11/2018 11:20:00 AM,5.0
4/11/2018 11:30:00 AM,5.0
4/11/2018 11:40:00 AM,5.0
4/11/2018 11:50:00 AM,5.0
4/11/2018 12:00:00 PM,8.0
4/11/2018 12:10:00 PM,8.0
4/11/2018 12:20:00 PM,8.0
4/11/2018 12:30:00 PM,8.0
4/11/2018 12:40:00 PM,3.0
4/11/2018 12:50:00 PM,3.0
4/11/2018 1:00:00 PM,2.0
4/11/2018 1:10:00 PM,3.0
4/11/2018 1:20:00 PM,3.0
4/11/2018 1:30:00 PM,3.0
4/11/2018 1:40:00 PM,3.0
4/11/2018 1:50:00 PM,3.0
4/11/2018 2:00:00 PM,0.0
4/11/2018 2:10:00 PM,0.0
4/11/2018 2:20:00 PM,0.0
4/11/2018 2:30:00 PM,0.0
4/11/2018 2:40:00 PM,0.0
4/11/2018 2:50:00 PM,0.0
4/11/2018 3:00:00 PM,0.0
4/11/2018 3:10:00 PM,0.0
4/11/2018 3:20:00 PM,0.0
4/11/2018 3:30:00 PM,0.0
4/11/2018 3:40:00 PM,0.0
4/11/2018 3:50:00 PM,0.0
4/11/2018 4:00:00 PM,0.0
4/11/2018 4:10:00 PM,0.0
4/11/2018 4:20:00 PM,0.0
4/11/2018 4:30:00 PM,0.0
4/11/2018 4:40:00 PM,0.0
4/11/2018 4:50:00 PM,0.0
4/11/2018 5:00:00 PM,0.0
4/11/2018 5:10:00 PM,0.0
4/11/2018 5:20:00 PM,0.0
4/11/2018 5:30:00 PM,0.0
4/11/2018 5:40:00 PM,0.0
4/11/2018 5:50:00 PM,0.0
4/11/2018 6:00:00 PM,0.0
4/11/2018 6:10:00 PM,0.0
4/11/2018 6:20:00 PM,0.0
4/11/2018 6:30:00 PM,0.0
4/11/2018 6:40:00 PM,0.0
4/11/2018 6:50:00 PM,0.0
4/11/2018 7:00:00 PM,0.0
4/11/2018 7:10:00 PM,0.0
4/11/2018 7:20:00 PM,0.0
4/11/2018 7:30:00 PM,0.0
4/11/2018 7:40:00 PM,0.0
4/11/2018 7:50:00 PM,0.0
4/11/2018 8:00:00 PM,0.0
4/11/2018 8:10:00 PM,0.0
4/11/2018 8:20:00 PM,0.0
4/11/2018 8:30:00 PM,0.0
4/11/2018 8:40:00 PM,0.0
4/11/2018 8:50:00 PM,0.0
4/11/2018 9:00:00 PM,0.0
4/11/2018 9:10:00 PM,0.0
4/11/2018 9:20:00 PM,0.0
4/11/2018 9:30:00 PM,0.0
4/11/2018 9:40:00 PM,0.0
4/11/2018 9:50:00 PM,0.0
4/11/2018 10:00:00 PM,0.0
4/11/2018 10:10:00 PM,0.0
4/11/2018 10:20:00 PM,0.0
4/11/2018 10:30:00 PM,0.0
4/11/2018 10:40:00 PM,0.0
4/11/2018 10:50:00 PM,0.0
4/11/2018 11:00:00 PM,0.0
4/11/2018 11:10:00 PM,0.0
4/11/2018 11:20:00 PM,0.0
4/11/2018 11:30:00 PM,0.0
4/11/2018 11:40:00 PM,0.0
4/11/2018 11:50:00 PM,0.0
4/12/2018 12:00:00 AM,0.0
4/12/2018 12:10:00 AM,0.0
4/12/2018 12:20:00 AM,0.0
4/12/2018 12:30:00 AM,0.0
4/12/2018 12:40:00 AM,0.0
4/12/2018 12:50:00 AM,0.0
4/12/2018 1:00:00 AM,0.0
4/12/2018 1:10:00 AM,0.0
4/12/2018 1:20:00 AM,0.0
4/12/2018 1:30:00 AM,0.0
4/12/2018 1:40:00 AM,0.0
4/12/2018 1:50:00 AM,0.0
4/12/2018 2:00:00 AM,0.0
4/12/2018 2:10:00 AM,0.0
4/12/2018 2:20:00 AM,0.0
4/12/2018 2:30:00 AM,0.0
4/12/2018 2:40:00 AM,0.0
4/12/2018 2:50:00 AM,0.0
4/12/2018 3:00:00 AM,0.0
4/12/2018 3:10:00 AM,0.0
4/12/2018 3:20:00 AM,0.0
4/12/2018 3:30:00 AM,0.0
4/12/2018 3:40:00 AM,0.0
4/12/2018 3:50:00 AM,0.0
4/12/2018 4:00:00 AM,0.0
4/12/2018 4:10:00 AM,0.0
4/12/2018 4:20:00 AM,0.0
4/12/2018 4:30:00 AM,0.0
4/12/2018 4:40:00 AM,0.0
4/12/2018 4:50:00 AM,0.0
4/12/2018 5:00:00 AM,0.0
4/12/2018 5:10:00 AM,0.0
4/12/2018 5:20:00 AM,0.0
4/12/2018 5:30:00 AM,1.0
4/12/2018 5:40:00 AM,1.0
4/12/2018 5:50:00 AM,1.0
4/12/2018 6:00:00 AM,1.0
4/12/2018 6:10:00 AM,1.0
4/12/2018 6:20:00 AM,1.0
4/12/2018 6:30:00 AM,1.0
4/12/2018 6:40:00 AM,1.0
4/12/2018 6:50:00 AM,1.0
4/12/2018 7:00:00 AM,1.0
4/12/2018 7:10:00 AM,1.0
4/12/2018 7:20:00 AM,1.0
4/12/2018 7:30:00 AM,1.0
4/12/2018 7:40:00 AM,1.0
4/12/2018 7:50:00 AM,1.0
4/12/2018 8:00:00 AM,1.0
4/12/2018 8:10:00 AM,1.0
4/12/2018 8:20:00 AM,7.0
4/12/2018 8:30:00 AM,7.0
4/12/2018 8:40:00 AM,8.0
4/12/2018 8:50:00 AM,8.0
4/12/2018 9:00:00 AM,10.0
4/12/2018 9:10:00 AM,10.0
4/12/2018 9:20:00 AM,8.0
4/12/2018 9:30:00 AM,11.0
4/12/2018 9:40:00 AM,12.0
4/12/2018 9:50:00 AM,10.0
4/12/2018 10:00:00 AM,13.0
4/12/2018 10:10:00 AM,6.0
4/12/2018 10:20:00 AM,9.0
4/12/2018 10:30:00 AM,9.0
4/12/2018 10:40:00 AM,3.0
4/12/2018 10:50:00 AM,3.0
4/12/2018 11:00:00 AM,3.0
4/12/2018 11:10:00 AM,3.0
4/12/2018 11:20:00 AM,3.0
4/12/2018 11:30:00 AM,3.0
4/12/2018 11:40:00 AM,3.0
4/12/2018 11:50:00 AM,3.0
4/12/2018 12:00:00 PM,9.0
4/12/2018 12:10:00 PM,6.0
4/12/2018 12:20:00 PM,6.0
4/12/2018 12:30:00 PM,6.0
4/12/2018 12:40:00 PM,8.0
4/12/2018 12:50:00 PM,8.0
4/12/2018 1:00:00 PM,8.0
4/12/2018 1:10:00 PM,8.0
4/12/2018 1:20:00 PM,8.0
4/12/2018 1:30:00 PM,3.0
4/12/2018 1:40:00 PM,3.0
4/12/2018 1:50:00 PM,3.0
4/12/2018 2:00:00 PM,3.0
4/12/2018 2:10:00 PM,3.0
4/12/2018 2:20:00 PM,3.0
4/12/2018 2:30:00 PM,1.0
4/12/2018 2:40:00 PM,1.0
4/12/2018 2:50:00 PM,0.0
4/12/2018 3:00:00 PM,0.0
4/12/2018 3:10:00 PM,0.0
4/12/2018 3:20:00 PM,0.0
4/12/2018 3:30:00 PM,0.0
4/12/2018 3:40:00 PM,0.0
4/12/2018 3:50:00 PM,0.0
4/12/2018 4:00:00 PM,0.0
4/12/2018 4:10:00 PM,0.0
4/12/2018 4:20:00 PM,0.0
4/12/2018 4:30:00 PM,0.0
4/12/2018 4:40:00 PM,0.0
4/12/2018 4:50:00 PM,0.0
4/12/2018 5:00:00 PM,0.0
4/12/2018 5:10:00 PM,0.0
4/12/2018 5:20:00 PM,0.0
4/12/2018 5:30:00 PM,0.0
4/12/2018 5:40:00 PM,0.0
4/12/2018 5:50:00 PM,0.0
4/12/2018 6:00:00 PM,0.0
4/12/2018 6:10:00 PM,0.0
4/12/2018 6:20:00 PM,0.0
4/12/2018 6:30:00 PM,0.0
4/12/2018 6:40:00 PM,0.0
4/12/2018 6:50:00 PM,0.0
4/12/2018 7:00:00 PM,0.0
4/12/2018 7:10:00 PM,0.0
4/12/2018 7:20:00 PM,0.0
4/12/2018 7:30:00 PM,0.0
4/12/2018 7:40:00 PM,0.0
4/12/2018 7:50:00 PM,0.0
4/12/2018 8:00:00 PM,0.0
4/12/2018 8:10:00 PM,0.0
4/12/2018 8:20:00 PM,0.0
4/12/2018 8:30:00 PM,0.0
4/12/2018 8:40:00 PM,0.0
4/12/2018 8:50:00 PM,0.0
4/12/2018 9:00:00 PM,0.0
4/12/2018 9:10:00 PM,0.0
4/12/2018 9:20:00 PM,0.0
4/12/2018 9:30:00 PM,0.0
4/12/2018 9:40:00 PM,0.0
4/12/2018 9:50:00 PM,0.0
4/12/2018 10:00:00 PM,0.0
4/12/2018 10:10:00 PM,0.0
4/12/2018 10:20:00 PM,0.0
4/12/2018 10:30:00 PM,0.0
4/12/2018 10:40:00 PM,0.0
4/12/2018 10:50:00 PM,0.0
4/12/2018 11:00:00 PM,0.0
4/12/2018 11:10:00 PM,0.0
4/12/2018 11:20:00 PM,0.0
4/12/2018 11:30:00 PM,0.0
4/12/2018 11:40:00 PM,0.0
4/12/2018 11:50:00 PM,0.0
4/13/2018 12:00:00 AM,0.0
4/13/2018 12:10:00 AM,0.0
4/13/2018 12:20:00 AM,0.0
4/13/2018 12:30:00 AM,0.0
4/13/2018 12:40:00 AM,0.0
4/13/2018 12:50:00 AM,0.0
4/13/2018 1:00:00 AM,0.0
4/13/2018 1:10:00 AM,0.0
4/13/2018 1:20:00 AM,0.0
4/13/2018 1:30:00 AM,0.0
4/13/2018 1:40:00 AM,0.0
4/13/2018 1:50:00 AM,0.0
4/13/2018 2:00:00 AM,0.0
4/13/2018 2:10:00 AM,0.0
4/13/2018 2:20:00 AM,0.0
4/13/2018 2:30:00 AM,0.0
4/13/2018 2:40:00 AM,0.0
4/13/2018 2:50:00 AM,0.0
4/13/2018 3:00:00 AM,0.0
4/13/2018 3:10:00 AM,0.0
4/13/2018 3:20:00 AM,0.0
4/13/2018 3:30:00 AM,0.0
4/13/2018 3:40:00 AM,0.0
4/13/2018 3:50:00 AM,0.0
4/13/2018 4:00:00 AM,0.0
4/13/2018 4:10:00 AM,0.0
4/13/2018 4:20:00 AM,0.0
4/13/2018 4:30:00 AM,0.0
4/13/2018 4:40:00 AM,0.0
4/13/2018 4:50:00 AM,0.0
4/13/2018 5:00:00 AM,0.0
4/13/2018 5:10:00 AM,0.0
4/13/2018 5:20:00 AM,0.0
4/13/2018 5:30:00 AM,0.0
4/13/2018 5:40:00 AM,1.0
4/13/2018 5:50:00 AM,0.0
4/13/2018 6:00:00 AM,1.0
4/13/2018 6:10:00 AM,2.0
4/13/2018 6:20:00 AM,2.0
4/13/2018 6:30:00 AM,2.0
4/13/2018 6:40:00 AM,2.0
4/13/2018 6:50:00 AM,2.0
4/13/2018 7:00:00 AM,2.0
4/13/2018 7:10:00 AM,2.0
4/13/2018 7:20:00 AM,6.0
4/13/2018 7:30:00 AM,5.0
4/13/2018 7:40:00 AM,6.0
4/13/2018 7:50:00 AM,6.0
4/13/2018 8:00:00 AM,6.0
4/13/2018 8:10:00 AM,4.0
4/13/2018 8:20:00 AM,2.0
4/13/2018 8:30:00 AM,4.0
4/13/2018 8:40:00 AM,4.0
4/13/2018 8:50:00 AM,4.0
4/13/2018 9:00:00 AM,4.0
4/13/2018 9:10:00 AM,4.0
4/13/2018 9:20:00 AM,5.0
4/13/2018 9:30:00 AM,9.0
4/13/2018 9:40:00 AM,10.0
4/13/2018 9:50:00 AM,7.0
4/13/2018 10:00:00 AM,9.0
4/13/2018 10:10:00 AM,4.0
4/13/2018 10:20:00 AM,4.0
4/13/2018 10:30:00 AM,4.0
4/13/2018 10:40:00 AM,4.0
4/13/2018 10:50:00 AM,3.0
4/13/2018 11:00:00 AM,4.0
4/13/2018 11:10:00 AM,3.0
4/13/2018 11:20:00 AM,3.0
4/13/2018 11:30:00 AM,3.0
4/13/2018 11:40:00 AM,3.0
4/13/2018 11:50:00 AM,3.0
4/13/2018 12:00:00 PM,3.0
4/13/2018 12:10:00 PM,3.0
4/13/2018 12:20:00 PM,2.0
4/13/2018 12:30:00 PM,2.0
4/13/2018 12:40:00 PM,2.0
4/13/2018 12:50:00 PM,2.0
4/13/2018 1:00:00 PM,1.0
4/13/2018 1:10:00 PM,2.0
4/13/2018 1:20:00 PM,0.0
4/13/2018 1:30:00 PM,1.0
4/13/2018 1:40:00 PM,1.0
4/13/2018 1:50:00 PM,1.0
4/13/2018 2:00:00 PM,1.0
4/13/2018 2:10:00 PM,0.0
4/13/2018 2:20:00 PM,0.0
4/13/2018 2:30:00 PM,0.0
4/13/2018 2:40:00 PM,0.0
4/13/2018 2:50:00 PM,0.0
4/13/2018 3:00:00 PM,0.0
4/13/2018 3:10:00 PM,0.0
4/13/2018 3:20:00 PM,0.0
4/13/2018 3:30:00 PM,0.0
4/13/2018 3:40:00 PM,0.0
4/13/2018 3:50:00 PM,0.0
4/13/2018 4:00:00 PM,0.0
4/13/2018 4:10:00 PM,0.0
4/13/2018 4:20:00 PM,0.0
4/13/2018 4:30:00 PM,0.0
4/13/2018 4:40:00 PM,0.0
4/13/2018 4:50:00 PM,0.0
4/13/2018 5:00:00 PM,0.0
4/13/2018 5:10:00 PM,0.0
4/13/2018 5:20:00 PM,0.0
4/13/2018 5:30:00 PM,0.0
4/13/2018 5:40:00 PM,0.0
4/13/2018 5:50:00 PM,0.0
4/13/2018 6:00:00 PM,0.0
4/13/2018 6:10:00 PM,0.0
4/13/2018 6:20:00 PM,0.0
4/13/2018 6:30:00 PM,0.0
4/13/2018 6:40:00 PM,0.0
4/13/2018 6:50:00 PM,0.0
4/13/2018 7:00:00 PM,0.0
4/13/2018 7:10:00 PM,0.0
4/13/2018 7:20:00 PM,0.0
4/13/2018 7:30:00 PM,0.0
4/13/2018 7:40:00 PM,0.0
4/13/2018 7:50:00 PM,0.0
4/13/2018 8:00:00 PM,0.0
4/13/2018 8:10:00 PM,0.0
4/13/2018 8:20:00 PM,0.0
4/13/2018 8:30:00 PM,0.0
4/13/2018 8:40:00 PM,0.0
4/13/2018 8:50:00 PM,0.0
4/13/2018 9:00:00 PM,0.0
4/13/2018 9:10:00 PM,0.0
4/13/2018 9:20:00 PM,0.0
4/13/2018 9:30:00 PM,0.0
4/13/2018 9:40:00 PM,0.0
4/13/2018 9:50:00 PM,0.0
4/13/2018 10:00:00 PM,0.0
4/13/2018 10:10:00 PM,0.0
4/13/2018 10:20:00 PM,0.0
4/13/2018 10:30:00 PM,0.0
4/13/2018 10:40:00 PM,0.0
4/13/2018 10:50:00 PM,0.0
4/13/2018 11:00:00 PM,0.0
4/13/2018 11:10:00 PM,0.0
4/13/2018 11:20:00 PM,0.0
4/13/2018 11:30:00 PM,0.0
4/13/2018 11:40:00 PM,0.0
4/13/2018 11:50:00 PM,0.0
